Heart_Rate_Variability,Body_Temperature,Movement_During_Sleep,Sleep_Duration_Hours,Caffeine_Intake_mg,Stress_Level,Bedtime_Consistency,Light_Exposure_hours
0.4666937421339547,0.31264323090008617,0.36394572512971224,0.4873611868799403,0.37862724981566354,0.3825769458759705,0.5645009320579809,0.5433249932429172
0.5203463485509204,0.21939942945541802,0.39224306887112215,0.743876847254926,1.0,0.664059674901793,0.2848526703116777,0.6302417594614979
0.4638690157033121,0.7955197937069709,0.6408061081839207,0.42988730196141084,0.5059901280191837,0.28409342956679223,0.7911200958514597,0.6573811839642946
0.4444055876926328,0.34844884767510464,0.4352140117864311,0.5019360632901537,0.6372160354688406,0.7224201238442678,0.496905671854652,0.8296257968645869
0.7581733402882299,0.29292631282768333,0.7088721654300693,0.6852090324078002,0.0,0.6856181221982163,0.640698429645005,0.45615138263404
0.470146005275128,0.5803448438124601,0.34737960751604724,0.32164237560166914,0.4773596326605631,0.3991403968374754,0.1854021485854278,0.4713576911987178
0.5781586414012704,0.877173615727127,0.28858193913444263,0.19363953512293214,0.6184055623569618,0.377648072099083,0.4768005855356932,0.9466911147268894
0.4422101602430173,0.45198443506745534,0.4488471017795412,0.6378426048475527,0.5364726050689731,0.8501851883854287,0.3621776404556419,0.29407600019060937
0.5981153123184878,0.8064701370157934,0.5518075684521252,0.7999010755549838,0.056079335001067106,0.5762851235068684,0.3999477966826649,0.6345925913709609
0.44235748165509103,0.5068957742827198,0.42718320758518336,0.371508916269438,0.22577630381700714,0.6498565113758903,0.6925005183906597,0.6543162135454814
0.7274366455655576,0.29684843357256696,0.35082655530836726,0.5345784759537766,0.32378083403382074,0.44541333595489746,0.3121688860458637,0.5443504862545888
0.7196682716074475,0.7036925279598663,0.4420544820309811,0.13191162609459245,0.5091034749728358,0.4908142342519679,0.5791197669525885,0.4300633682918861
0.27184179783609214,0.3295027788964937,0.47104382062850236,0.4263848444726504,0.1598177091511654,0.2356888426977898,0.6201466030291183,0.6209436035830549
0.430117656901844,0.7094356743272243,0.42580113092262956,0.5618689368121146,0.38359382725661506,0.49754031013838845,0.4558136550120775,0.5783865489424129
0.5222165203285922,0.43123646566263574,0.5577565359701134,0.5415746194652034,0.17355008627894883,0.863351125915021,0.4333078613636456,0.3690655746733744
0.3708794340731623,0.6781043550104648,0.42441967568995903,0.2275290091387256,0.3112632573991027,0.2283650157044813,0.6448982120763456,0.6903281259194253
0.40005732428634105,0.6908593469890683,0.5014172000124655,0.6778229348940958,0.2530916447612593,0.3560020933556122,0.6786376694414503,0.4868005123290355
0.5769246171676196,0.22572655835252142,0.5674207027179828,0.17619769511091926,0.4809723706109965,0.7013213082065257,0.2057747189252963,0.6256083946884026
0.630922062646164,0.2956912511028431,0.27202862962969665,0.25037117855178476,0.0,0.42840191311733283,0.4443254064784211,0.31867694499731025
0.1834352462854916,0.45777396701298834,0.38413389094320827,0.551428522615931,0.18163603899164246,0.7924509208069458,0.3546451724332313,0.7279551162518582
0.5314107588066668,0.3329130051532285,0.8824721352453532,0.6562223292260065,0.6455280782482852,0.6956915611333101,0.0,0.6424621407238066
0.6756839993366003,0.6098203069036217,0.7208110523423438,0.6121221833027011,0.2314793557281826,0.6229889278062757,0.5235414836921917,0.3142852596760818
0.21387577907317823,0.41605474224169825,0.44995371400787704,0.513199589301623,0.21535354371374246,0.5048863680356068,0.5641860123851316,0.4052095067110372
0.2338912237447297,0.7044073797656001,0.45707128857763457,0.6785648167003058,0.3283302594216388,0.3277900655668849,0.2693831336520435,0.5434581570170245
0.4864046201939111,0.4372045703558367,0.13467217145338736,0.7108278157742351,0.0,0.35595759579864206,0.7660864688757634,0.605347264195818
0.6153266959537642,0.4891205448789826,0.3206410076646683,0.41368756269448376,0.0,0.31158796328515104,0.642949129977789,0.5079374898667833
0.12177291130770126,0.3812143184088015,0.7841095274335858,0.7080393487218939,0.2836897556275384,0.5164883533269685,0.7116340187648204,0.5402578512017026
0.562039816502794,0.2886242283610958,0.5873301833161255,0.39629206091986674,0.5284427139474772,1.0,0.3169045941819415,0.322902315888138
0.5430832201125535,0.4619040099023888,0.21629607874489926,0.7472208217383947,0.15156349522907142,0.42655921315765033,0.7225268610406603,0.47308065040242453
0.3767085705642874,0.5631353843214253,0.5752192282183881,0.5933392188090756,0.11109012755035093,0.3098093233811057,0.413708871088023,0.6203458556344197
0.43831710418015585,0.6342129581027969,0.1247049279238085,0.3230685705436908,0.2926276749455035,0.5063518913162902,0.4097394271312671,0.2559882771553144
0.3543662707807081,0.536698276728238,0.29767753472289404,0.14213021010582638,0.5908820606303803,0.3738308898418288,0.3585120910375624,0.5291539907033774
0.36165717096399713,0.4186120603648771,0.6822719153448079,0.05365638594345706,0.487653262357847,0.09446454566583029,0.5591023383180678,0.5273293911216754
0.16299175380908007,0.47358750318920784,0.274634872818004,0.5288829524575862,0.0,0.7312013338902255,0.2201543481550737,0.588086638880745
0.34549133339904536,0.5849167352381137,0.5075020530385099,0.3201764234063939,0.5096087393041131,0.3218502272895473,0.3035351455446448,0.6406953847370421
0.805921855766514,0.20735393302541105,0.29456372554301596,0.37346020748633796,0.6885845901893349,0.4150337304948723,0.3936244499421343,0.7400305027021777
0.5470957085805639,0.25606694831614796,0.548556718935084,0.14858834347961686,0.5015394138651781,0.4272853410169942,0.8375096110473588,0.2756288349899034
0.6250282437730406,0.5845938600479617,0.282612324369348,0.6081205405266079,0.031122277607814303,0.43157026977455226,0.6470538619949975,0.5001613203040236
0.5467215329447724,0.38135199134161013,0.7261738299151177,0.8568767373840256,0.5140055242105727,0.3652419788681047,0.4836211240855014,0.5220125616860453
0.4057034057272301,0.7224451805646375,0.3833254879335652,0.5760941849650736,0.6733277514817815,0.44228497656917976,0.779086816439837,0.6305951005613597
0.7538268224914176,0.3739224385629303,0.39038990461148215,0.7920960372615533,0.2924774520746407,0.3904008362517725,0.4532551884296549,0.6309069873213234
0.29486618482940347,0.4873645644008242,0.297027076977457,0.3251057380124525,0.9704283829331365,0.2675868359487434,0.1512654795206927,0.4765999362131871
0.4215875873294002,0.465918271483158,0.4166660120520734,0.5531884820817725,0.6738828470216772,0.5290854434811519,0.2645547165097579,0.47190687684394456
0.51755487414145,0.4828730931837235,0.47807933784898354,0.3146539761847044,0.21265879509652977,0.7461405809968942,0.133258846474113,0.6964710481104129
0.715004162823718,0.4839930920343605,0.5220797303199449,0.5691773084458986,0.34274147121755405,0.3378942740356748,0.7043270427655216,0.3344157310951738
0.5010675936516338,0.7914605028279293,0.5215706955686286,0.17423849466593583,0.3952706357252059,0.3546516190235962,0.5707541261782779,0.589328713683332
0.3256266750461888,0.5295177864697678,0.5160160029934766,0.5584133803060101,0.20348756074120503,0.374265950593828,0.5079427643439269,0.42560113215482676
0.4655365539635637,0.40959892869430803,0.6080548071475136,0.57263597296433,0.6342897246645608,0.3209144078149917,0.9119690003474804,0.6893291386615342
0.38492353027261106,0.541668891151625,0.35546562362481937,0.45113878000505375,0.6140737505228366,0.4809776704598468,0.4382079970804185,0.3296208034691668
0.4888306685903954,0.18002509907958597,0.5475150618032185,0.4274153214692547,0.07077582241495822,0.2919602578089054,0.7150443082363832,0.5528543878091207
0.7466852475463669,0.4269593551514035,0.22685201323608334,0.1582468351562752,0.3961166965974869,0.7442589891370297,0.3441249349479766,0.4585142128416922
0.18979499268935024,0.6023774764817489,0.5214167725637606,0.40420665241716053,0.4515973705183535,0.6924690338533139,0.4951427008659948,0.655457570586713
0.2500426207449056,0.6979443598475168,0.46084855334749875,0.6959998276506254,0.3986552611673395,0.6374853510253009,0.7255576054223292,0.43339371638910357
0.7315376510891002,0.4649918384708869,0.5079049584934225,0.41706711675644276,0.4877406586941192,0.35848954294117874,0.1129140080572387,0.37613612816075387
0.4947237661741383,0.6751129218788368,0.4645689161301249,0.8551991772399661,0.0,0.6760131925914685,0.576270566916057,0.6255875424617694
0.8439129100161813,0.5587172740220456,0.6758096220359651,0.5241177058520812,0.42757576005549885,0.7612144407743258,0.5489914186344008,0.7593644254642005
0.6317343153377037,0.7816881339287498,0.31214854616949095,0.11717984296710748,0.0,0.5678711625512441,0.6340099343631047,0.6883111392252692
0.6090306365182834,0.3509588677784503,0.40945157351195133,0.4673206982220262,0.5744626753455347,0.28231775286543087,0.4450712501267405,0.7762136598232876
0.5338857468086088,0.3044993503314526,0.4066968888491137,0.42473400970478287,0.5360309419625272,0.586470542840068,0.2486869328109129,0.3810496555395158
0.47580061613302943,0.5435519824276049,0.46543655146014756,0.2621007480281357,0.05644197023080121,0.6674308972662769,0.6553863384709657,0.6109120292540603
0.35804454409544223,0.4224461470255889,0.6773244830041303,0.34551517599029885,0.3857602177125969,0.32322622097185416,0.548695015427354,0.5137004704654814
0.47788400992483976,0.5753597821812022,0.5624738970686138,0.26189621482636877,0.3696888051809395,0.6618225581462758,0.3278869192372226,0.47899908869813984
0.554151980292854,0.1536135213953056,0.2804095974380141,0.5776518719942918,0.09456222428602801,0.5174947507361479,0.4872509428992068,0.6929862155767739
0.7711336078630784,0.46126425775860014,0.17865955388883623,0.33727267668865485,0.6480266959956066,0.5146673489556274,0.6747979502013766,0.6477841374772368
0.46717396993903343,0.5432778516604735,0.4553720888150775,0.13166387920329747,0.14876304176548347,0.19101281556931993,0.4537880926318203,0.40840089899334164
0.6170443352111086,0.30152822197761964,0.5117272522986726,0.504700022213086,0.21163427606879823,0.3946889733726596,0.2689096412364681,0.5380076265871279
0.5173273852706993,0.6548297481002443,0.3829510903958733,0.3183570276227991,0.5025310903125187,0.4435748446132178,0.5288620038870158,0.7059642128035811
0.3799824689946599,0.5899269171346919,0.29597282804281105,0.8377045488232382,0.22839621277780667,0.9115622354195525,0.686333193373619,0.5459416247760339
0.7548585171446689,0.3414091915173536,0.5014141050505154,0.3774004431634867,0.5912061096227528,0.5914426127385027,0.3293201051921777,0.4918358369922163
0.41800834925711366,0.39984979945292665,0.29692420283266285,0.6774633905181255,0.2200569679365306,0.21231776664108817,0.5790747362371331,0.5742973372032776
0.5115852702768361,0.3894239777624211,0.432735769259309,0.4279255202013272,0.27224376587420673,0.5216028241959002,0.4471288333593066,0.7074146921476836
0.6936688905951882,0.5121854775248895,0.06582133046711043,0.6541399766549603,0.0,0.6103928518663655,0.3319014028986617,0.49963443664419355
0.5711797515039038,0.5930293129858004,0.42817549861392873,0.39025369173801455,0.3574449096205959,0.6893615133023742,0.2024276593018754,0.5156729089737662
0.3133444563631671,0.5333448915384498,0.4163644088535451,0.5808917272906604,0.1335543417840102,0.38606020741485375,0.5672555778495125,0.4750896448170048
0.6031292177149775,0.3229723036480241,0.38958824076758036,0.7495866132960407,0.22136530407722624,0.6614092833213375,0.5902452032272197,0.390995990662135
0.5986928304107114,0.39213416682638425,0.5697127555586137,0.4042295232155783,0.3396175906655382,0.3325819732769921,0.7887340638332476,0.6747364751001624
0.3729991526256185,0.47619673010358277,0.49604426164782933,0.5988913048045912,0.6323601389817601,0.21383375967506565,0.5900311267893296,0.6210563364251656
0.72734136777274,0.3490988756360647,0.26344822848771887,0.48181022697907744,0.6175790504470703,0.5843433866006195,0.3301790298019553,0.5899200984802684
0.56935056378718,0.4224557813023253,0.5212855309438568,0.5047777393202701,0.408981141804587,0.5640433155897658,0.7486938256691927,0.689600686468479
0.6094561385008456,0.603317337482018,0.2847018367769304,0.2889440712298556,0.8995553686366867,0.44688147334751777,1.0,0.37038785029619925
0.37838084082928547,0.4195585536562678,0.40550431188575564,0.3307276021621423,0.0,0.44799274996391114,0.6635963088907723,0.23498969069363249
0.6206765957468294,0.3496150820120416,0.1776115881440363,0.5165730890270999,0.3104562154921414,0.8144796420540654,0.4360347444222487,0.6562636644384571
0.6477222651530934,0.7448908594618153,0.533539313431775,0.6359221866223621,0.5844576338073703,0.5720883352585545,0.3006136747195746,0.3980796971341156
0.47991677068835875,0.5427519850478415,0.6850825200998627,0.7149512713782575,0.7684335541387766,0.4517138870550014,0.0,0.5195816847661054
0.6925206304335785,0.36642778647991037,0.5217618765497116,0.28798919023668373,0.1053718146588507,0.5251773061153315,0.4244470224955046,0.6207614796544333
0.5366281014034213,0.5104573657618854,0.5621774057870976,0.8611954730002755,0.3095604274447264,0.48378657891291654,0.7356838635127441,0.5521361132233926
0.3819588306771578,0.5092933053688906,0.4935629752418768,0.32059947812036355,0.3062886748325519,0.20016375960846042,0.8887057762244395,0.44967222452412986
0.3452535869257444,0.4828665598894073,0.3353088074996877,0.41368589662542826,0.023264149871707645,0.5671936346881153,0.4491047846709317,0.5779048587612863
0.3423214948916865,0.4554313789080098,0.34828328662212893,0.6871764971964422,0.4789592090715151,0.5787746436329487,0.4898398422760933,0.8348148117421818
0.47467736700336977,0.19032475572086227,0.6083586014706386,0.5664293248413605,0.40914934889718807,0.23351033042108682,0.2168951866172586,0.5647735624214842
0.2714718276888718,0.5408805873572256,0.44699588482528346,0.570102030818959,0.2247183618327883,0.13229627534558586,0.7241934047228755,0.5042380923065565
0.5065881544184979,0.4273801780337454,0.5172429241346923,0.45467582302414694,1.0,0.8078284691621301,0.2319022717267126,0.46056959067249675
0.8149625387724231,0.38953361010614707,0.574120418303951,0.3785469358904347,0.5083018294748282,0.257967899403823,0.5243688928264908,0.46922600628102457
0.49507372562284274,0.38475041101259144,0.5598629805747717,0.5105208747197862,0.0,0.25844812149132956,0.9222592668199168,0.6688714460934418
0.4956382537241035,0.49889474160375613,0.21554950859062555,0.18672287745678678,0.3904708382217838,0.39748224060429826,0.7119131145246794,0.34834940081396987
0.4289086471954745,0.28442270363115796,0.5331089115018298,0.40695531755715914,0.293331688122739,0.6061366246020096,0.4157286384459116,0.3642615291922607
0.43340963713897107,0.23435545711776662,0.646752751057463,0.5455492454305693,0.4854366840943892,0.5961217186694695,0.6699169062093234,0.5250720402530475
0.6803150378559707,0.4433254576673811,0.5966044844501067,0.5547387993265416,0.18219992511267732,0.7705601069793451,0.5404766741197391,0.2851685130723843
0.6342734339475842,0.5829563300102016,0.31708938105020035,0.22727015838751402,0.4969437052710846,0.18287485864608144,0.7706907295242407,0.7394841797373225
0.3998190964293635,0.6440381788107956,0.34598866867347833,0.21346242154260525,0.37228321574125695,0.5896970908392881,0.0857245641323685,0.478324725926454
0.33409984003373117,0.7683448518980338,0.25353738330179637,0.7202904252088884,0.7924806953511597,0.0,0.4920147073253272,0.34302730554301686
0.5736151596153418,0.5874740579210975,0.6866207615597085,0.50562643180016,0.22451388951620574,0.12006594382822376,0.8529827611101544,0.4215392568692109
0.2586681484979453,0.7609611764312039,0.7215963154999353,0.4222865801751809,0.3956932259463564,0.32279195060432453,0.3882408362230085,0.7969660417925517
0.4734545965174361,0.4198968777493999,0.401701971289547,0.5517206866423274,0.6064937751786542,0.7605180793572464,0.2731657709444419,0.44889921627558343
0.5010695693436313,0.4094053908633306,0.4258356570012616,0.14040284786754448,0.3822976259838919,0.6648205793711413,0.4544458041752731,0.6922475002953413
0.5513489094722224,0.47101927117749653,0.19998401031595614,0.27138312614664456,0.0013109633875889415,0.6405066627867712,0.501771540733779,0.6094345098197695
0.6671342149584429,0.5036370758006967,0.5629191083581604,0.7118374535518506,0.18206479635080441,0.47708811450549615,0.5483604143111497,0.6748004041896039
0.5501266452099629,0.21606874366639595,0.6455299259965294,0.3448971309065824,0.2079642379180583,0.3783012192537597,0.0694172968484968,0.5341016419203372
0.5824676421520191,0.9105299485465839,0.5608550589359527,0.49157806758943506,0.7933604714057464,0.6757927946141303,0.4620613013095185,0.6187286957327826
0.35334314586804316,0.5635167510097148,0.5284740266260664,0.6583512507575471,0.5479046437803471,0.46131447428375894,0.2550000222679899,0.6049505282128138
0.6770105990831923,0.09414796717183904,0.5568791152477739,0.688757410772771,0.6562331363258102,0.1319467230408863,0.7893888292773961,0.5185243887395068
0.613887476633337,0.5023684338982637,0.5029182308470171,0.727925088307458,0.6980150835816307,0.615785729714247,0.7521699039998619,0.4095756901610931
0.4471381619160475,0.6666713158508557,0.49075642214115706,0.7006139852832447,0.6307641388130599,0.5490077328630812,0.6334490294858484,0.4461413008594351
0.7904975333877204,0.7891535936028458,0.43816942151106575,0.7040446517749066,0.4496994450804405,0.5064792427367157,0.490440149923042,0.5885464140977893
0.43154058396070966,0.6812870780597322,0.32188698622496625,0.41794730024378507,0.45499129778629077,0.049441321053732154,0.7474361600578019,0.4227983355820324
0.5925990605871175,0.9035746604974637,0.331677963128005,0.38951557020836264,0.09797188543528268,0.3761754103500137,0.7043249528799896,0.4452181596308048
0.39966842096872224,0.6365484908692043,0.16599679333766404,0.6098486205335865,0.5250532414360695,0.6658647545165725,0.5321299880706233,0.4976525299043792
0.6485491901369667,0.5676780824360321,0.5331435125735895,0.5521273349263922,0.4168925264502476,0.2292490650580483,0.3994262492658088,0.5912661578575498
0.42744372382955687,0.5392806710653009,0.32783039534085356,0.28442812114651567,0.4089648560204142,0.2910327372193858,0.574529637296011,0.5891017969384347
0.6637928423468723,0.36226995105761794,0.5617601116542739,0.7558445616153469,0.33117636752399676,0.4046897153561517,0.2418115561013551,0.42273399057229366
0.19836535410343276,0.6180178892467669,0.36991296000032803,0.440831650189954,0.7445179745891111,0.7673314715517967,0.4687045247753683,0.7167808663479303
0.5954304894838011,0.7393652083837718,0.4198621392225152,0.4635009137840302,0.5616528411505393,0.20447751861611108,0.7732778823708877,0.5683933003311317
0.6310866219368009,0.4508731703196549,0.37944655885030754,0.5173182371465403,0.5894747063228357,0.6917632612935345,0.4086604769953507,0.43180896250206996
0.5216637608609823,0.4904615648023114,0.37094168171715175,0.228010513515797,0.17227651594993756,0.3817963088533136,0.1787486423196083,0.6215048744040848
0.4736833115560079,0.47336001225991353,0.3999589338864096,0.27970128117946097,0.2860064789035418,0.5648072885413067,0.2962260085866529,0.6901630707607438
0.4191157158948383,0.5929368767903078,0.8593178129783586,0.5348056059457784,0.1121949925543743,0.7537166471294938,0.5410911374072606,0.6771324464255355
0.5516063594160834,0.5506364873966998,0.5055654282765212,0.31292901173204984,0.0,0.4712680940205764,0.6703182091786395,0.8899632622576593
0.28781186575446327,0.6314472755282647,0.5584854219814994,0.3969790582546126,0.5612877160712043,0.999686096744299,0.3745158531147253,0.6367906672843975
0.4975443857171134,0.4597716176227582,0.6553475104586797,0.26533444615049756,0.1159641070062008,0.785752032407354,0.2333703983045582,0.46908058713233186
0.5877804892234425,0.5533423065933984,0.5199332485590886,0.727515081976404,0.4883963808773046,0.5069615080999664,0.5198627629902699,0.7858589629543535
0.2899941584650123,0.6603229777763069,0.5821144990979974,0.3440805919157904,0.22403526719076133,0.22006369905346276,0.6989116471483243,0.620296463269709
0.6866997560918912,0.6127263814604049,0.6931898797415824,0.5556062795264882,0.6834310695840483,0.7424258408466973,0.348799196108679,0.9058704654541541
0.2995312567800131,0.5998534920502081,0.2822739959896986,0.21235196590643174,0.18323313614992487,0.5666739702521756,0.5330480100129851,0.5703007304233367
0.6859742456436412,0.6184339542322945,0.36569401991049455,0.37765216008183283,0.4667035108213606,0.588011985804629,0.5789915940646615,0.43695568862792844
0.59143890384169,0.7075481793687164,0.33752063165784785,0.16799148579341466,0.2690600794943242,0.2771837283533825,0.6570370164620752,0.5272539510086355
0.6207481563988444,0.30574323512611556,0.5555127571260623,0.4728342146017505,0.0,0.9649397828646835,0.3143560065303964,0.5058094077675133
0.3102519025650728,0.5890543038714178,0.4555879569048266,0.3954418369078842,0.618431557713092,0.4173152458727118,0.815175161900394,0.5602206647393025
0.48072005317398653,0.5286023545848781,0.353415858666147,0.7228456183827081,0.492244519537117,0.33642163157229893,0.3038423983172881,0.6952415093225732
0.294605137142124,0.42917681263121565,0.134252622929287,0.30125441698138505,0.46509217897621524,0.23001487242774543,1.0,0.28673241014903006
0.5023913153306587,0.5320874491638179,0.5147068168391112,0.46469044561242995,0.703877072735026,0.8080882479553347,0.5175947094258337,0.5983776196627736
0.5620940223437776,0.5477986726716839,0.6439582345812189,0.1354601682736688,0.37005141386982304,0.31790265929369577,0.539080644256664,0.3167599033152693
0.4416355128070132,0.6417932269787237,0.6756598407928118,0.5533866772421838,0.1621150050551703,0.6042898798119059,0.3455615224391241,0.7192944864006992
0.5006473829879712,0.496387319416721,0.38867864321400636,0.26511803533981676,0.2713432748570342,0.4237021170351815,0.4663160575942238,0.5682196536315225
0.8594296902909312,0.2924992830209394,0.5134983755140574,0.6033213136564688,0.20409142942840308,0.34438104283345716,0.1131824509080845,0.654544869780018
0.6994626323470833,0.4198367453620886,0.4227152207114369,0.8060489179261947,0.022235792233479542,0.3194382146074401,0.5088125134813198,0.4157553043654372
0.8389068009725412,0.5671617946532379,0.5855134352794964,0.38182885563659447,0.38347568092058437,0.2725934233705025,0.4143363484404488,0.5716531844183402
0.6976180459881065,0.33625292652239835,0.704096379538113,0.5387085004316692,0.3318427164272913,0.5794794046918469,0.1948856583877832,0.6048812963025288
0.7151286799711615,0.5396646084998427,0.4821683702708965,0.3267103365889143,0.6400359546678175,0.40676227761075545,0.2652253347387942,0.5540481138075756
0.5282067462606207,0.46772465173723,0.48177043325538305,0.18276222530934788,0.0,0.6490721448155752,0.4046247078712328,0.3862216610348529
0.4235958788335428,0.4953735500630465,0.378222812778669,0.3546621750186581,0.9328747277569371,0.23977814672173092,0.4430748991492642,0.5105871020278991
0.3772237181195594,0.7063493280123883,0.3832655632296712,0.5675553987048916,0.2634198711914138,0.4389110595116636,0.4282083229641172,0.5730237773012701
0.3575483732210853,0.6771808765356884,0.27819404028035305,0.33103227719299594,0.27254968905161675,0.4193424416178122,0.7872859039117734,0.3760414025430169
0.6154882980974083,0.41907217676773634,1.0,0.6463992450561287,0.6266825178067662,0.39224193908465776,0.3901682116472447,0.8153976614628116
0.41077321677500894,0.5358921580566669,0.5680779809683759,0.5956044091514365,0.44729591827968135,0.40052912571718136,0.0838518949218043,0.48158275856283644
0.4348420861071004,0.885854979395658,0.5756570976345634,0.07262018244478619,0.48917200268259975,0.7933565113797952,0.3716545712695741,0.8382746088316327
0.5236950522509366,0.5481880607546632,0.4375522979929475,0.4755200962849954,0.5859598774104342,0.3905184954466254,0.463089711562811,0.6129267123597322
0.38167971263620476,0.3704735612441823,0.5861800171739335,0.537367204033885,0.32283290719488356,0.4556800611229922,0.3677949890745011,0.7333611831132701
0.6149607886267208,0.3090536584774899,0.2142899878029034,0.18966306127170401,0.3306010013103153,0.38988258659985875,0.1411712977602799,0.6168688639731444
0.6960878305671283,0.3262500170827387,0.2775526498812084,0.48130267832773627,0.2455606381944451,0.39663062336523436,0.7356505695096005,0.5096425640635319
0.5539664659814941,0.4511809772130171,0.4025929462823049,0.5527762298929262,0.6019905784067622,0.6181488671020652,0.5619453558272004,0.682163825559284
0.6665727119081982,0.34257443030056756,0.42846852608075986,0.550464763608687,0.35223103491174323,0.5275323881736093,0.7058360872255934,0.4114045159642302
0.5664050372615591,0.5120990913160242,0.4883011475632839,0.8310804217399581,0.8500671060777413,0.44241878462641593,0.737845292251157,0.555944187838339
0.7580837715339486,0.6365824114076002,0.35214489888483835,0.5545421051267017,0.3875569247914201,0.2705680977976577,0.603228807917276,0.5148599602598862
0.5029293883780347,0.5297503316190255,0.3028211902315857,0.4031572671982046,0.264537768189794,0.4454310907319739,0.4083949633970887,0.2884861189912446
0.6652760932977709,0.6461174729435264,0.662283113215126,0.2918826668498838,0.5736500957363029,0.815887578338972,0.351522725913853,0.2867359974665402
0.41781119494276836,0.5794259081697692,0.46491331175667633,0.39786892026074455,0.6970189312130944,0.10688882170469896,0.2686117205541057,0.30655981383065234
0.6667283251389741,0.5111270939760306,0.21176890704772428,0.35677770898235267,0.16597708244509338,0.26636443442996,0.5888290342174515,0.6228944626535271
0.31574078873815953,0.5315354344677203,0.23846786654792612,0.38013729359670584,0.22717880279952643,0.6915074326559535,0.6982382225853333,0.5444634698560222
0.6632267281952621,0.48461638934643325,0.5628925090134298,0.6233793361785835,0.04232371716726845,0.6685027792910009,0.5878300267400836,0.45015033289263345
0.4119967050725755,0.2847889271037971,0.2756576900591269,0.6948134477938248,0.528083053500628,0.5064286293929122,0.5720452074154857,0.30101450968492194
0.3935874788461083,0.6185386063975393,0.50187101456233,0.41329927157889984,0.09298436129807651,0.5876825398993291,0.5077110337568636,0.5160858794291869
0.6087321374441216,0.44006401747531143,0.585192486126287,0.5322796137191583,0.0,0.26739146994307966,0.4400607886671371,0.623818882761443
0.5488363869260111,0.4308839598242731,0.4584491322327223,0.6209349826437618,0.2314748311791004,0.40314832961383396,0.0,0.44449542812094145
0.5668252121150315,0.46919332983160267,0.4565770738883191,0.609302523830545,0.12620651002519065,0.23590131131899372,0.6207291477921477,0.4231321615255524
0.762716322828919,0.6253500007259998,0.43490158601844764,0.5616183397045402,0.6371206627626481,0.43576819225885954,0.8215830122238315,0.5459325972062682
0.39801654451770335,0.5182619361692389,0.39202458348624836,0.45185284498632877,0.4666866019730642,0.31556221891367453,0.3380219801821184,0.43565766175189063
0.9999999999999999,0.33470249089293524,0.24200502313386424,0.6713862355298732,0.2544216072659243,0.4511943295657732,0.8837212667752417,0.8387792105962629
0.7604111300785265,0.27022049998134356,0.46313615189434026,0.7500290258239188,0.0,0.590551270415339,0.7359884260076928,0.4216448131159017
0.46414878831614276,0.7618662309170006,0.35765426599991645,0.24898136109103247,0.5014338581181997,0.0780323518748717,0.5670108703824343,0.40989688178300626
0.5439464448920145,0.6256183787902305,0.38847776600265593,0.49775817917523907,0.16454459203296193,0.07862217707478383,0.4203433932914903,0.6268714733120481
0.4081361409072296,0.5721649770344559,0.3761258171835563,0.5120704410178238,0.4199785923866042,0.34880985866161596,0.3133787845625781,0.7558218691394756
0.6365499854280682,0.48193845478154707,0.6492280436021204,0.5589887108654421,0.4058699522911486,0.4559772537490343,0.5951503983663065,0.5283402468781876
0.5558170623080503,0.45329054544131964,0.375267521198979,0.5239899396476606,0.44936551327945423,0.678011546495092,0.314983075904273,0.5405970196193381
0.8520704424708445,0.34836804265411203,0.2603520516001407,0.2711488363313405,0.45195809312847124,0.4556437192567729,0.3743701200488715,0.6782271569722348
0.8790815936869819,0.2857734247748809,0.3831367464383184,0.30902018813050675,0.8211937597962736,0.7398599145843172,0.7213420848574634,0.30280028044404894
0.40207072135219335,0.5184050652015841,0.4254866698801531,0.2167031415588488,0.39549720345617984,0.3565636198555058,0.7578406102813746,0.514658079788309
0.659390379729274,0.6063017874388876,0.5168808586886943,0.6758342409573088,0.5507856355550009,0.7454547644162526,0.8451387585629542,0.8791337171753619
0.34476464398255174,0.7424965718344918,0.5316018378162181,0.1970313767586635,0.47315852891274196,0.8737206438326006,0.6184659094026687,0.5708103144857071
0.5458179249836227,0.6098965478060681,0.6530477343738333,0.20394056495214746,0.509442047592121,0.6176153350335665,0.7418461294447876,0.7537705654176416
0.6112320805625825,0.3583466878266073,0.3640151832155215,0.19047588648770813,0.4520024755543352,0.2806249841232028,0.6631508973304139,0.7305877853067488
0.6258188481047993,0.632780993826124,0.6555009822420506,0.7004883325219593,0.0,0.35024004079598925,0.6373715822024513,0.3479872470607382
0.5399613333519495,0.4045823605108261,0.37580243594598417,0.5075094792367423,0.0,0.7436960429743373,0.4172210115450286,0.506430665942219
0.5644488512732317,0.31630529244724137,0.5904731619806514,0.3876840491734799,0.2750250024726709,0.6994118712907283,0.706330754915035,0.8569790330577834
0.5535974234415334,0.37769969972766404,0.38741586343240186,0.5557920065712556,0.10657783527056186,0.606841572474935,0.0265044693253443,0.6852514149079713
0.6442259043506748,0.34446885499843205,0.31954412920679515,0.685526428972437,0.6715363685105747,0.32399760366184727,0.5792733912934702,0.4348541741039358
0.3800622644276602,0.47523214614209763,0.36616511286942255,0.39034774201569894,0.5523381286138292,0.5149019187653545,0.445926660647766,0.5427893638532008
0.6113966289411747,0.35601123307152704,0.6277181433358325,0.06531320405988161,0.37656828904610457,0.7673938147111921,0.8331206427373055,0.20401889763825068
0.18572748809745418,0.508912060969573,0.24867717596641242,0.5048801530682714,0.16234668676201305,0.22333184460567793,0.5182336293332879,0.499043383437554
0.5420922711382811,0.6347543152100634,0.32555593446009956,0.8174825776042156,0.2921421571796243,0.5984028561133797,0.9635273577347756,0.572597111290428
0.6142435446299648,0.3356183676439617,0.25594811440006093,0.42903042969397404,0.07064905162576203,0.39452218767207603,0.3329750992055529,0.7520202101927432
0.4267122466383299,0.7610556280862113,0.0,0.17425076791598398,0.944271624513326,0.4364478211965208,0.7274762195257828,0.0967753201436978
0.6327027398954326,0.5437453704011297,0.4401900517440822,0.5033912564533636,0.43735442192126045,0.4034032147854319,0.4265525998401428,0.7261059001250773
0.42156851515704236,0.011107273752735125,0.44263705543544796,0.455329464608439,0.6131154926340422,0.2953493553248831,0.4378124967297812,0.6213974661561414
0.24995415307930202,0.1910736112662761,0.30135421910501753,0.7871654630518212,0.18770706834918954,0.5920084647720932,0.6233327952942237,0.3318447459391392
0.588954006192861,0.4098854805567935,0.5005640325933387,0.6781563550456837,0.472591548598844,0.2122559797886261,0.2374062940105454,0.6279924457540564
0.6066896705471597,0.5000032791992446,0.4827948297722917,0.6251158923168818,0.8027572022976971,0.6041378992845338,0.623672113251933,0.5270406202742393
0.42441180645801535,0.0668625362073545,0.4179941936111403,0.639603718941739,0.5430973344028456,0.5042185495701175,0.3187569335905578,0.344517867064792
0.5781824584599198,0.4161104420475503,0.4357449338760753,0.5643722856946312,0.28820337622193437,0.5278057373906252,0.5036094504936448,0.5524556323338545
0.45191742227112913,0.5439299313068613,0.3098847471899122,0.3650424578470229,0.462791366906771,0.704007301380418,0.5797984315003392,0.36862002540944905
0.37614253883341736,0.6351506081704397,0.6139282037392408,0.4716668847460493,0.0,0.5982825512711054,0.3448786790795217,0.41564500655476644
0.5921039253751059,0.72615001800839,0.4470942984844254,0.3508821374161301,0.5011454536193476,0.838469314492641,0.8565811200130289,0.4032807082819304
0.6827211939543424,0.15669510382925012,0.3312356208958619,0.7868038702240638,0.6880709154891601,0.5514746212834699,0.7621211825626927,0.7651705974708612
0.3015630229813497,0.465848998303235,0.3411794228078442,0.4279783203553997,0.20387706734680078,0.5017576885264144,0.703044178362861,0.6643423641769234
0.47288435625891817,0.5070109047150275,0.5326607399692592,0.5911144137442121,0.6727714636933692,0.3799228614257789,0.4705720990371786,0.22467763801527882
0.6536078013704522,0.3621483151017788,0.4878156239904199,0.4613528308990183,0.41903761297192305,0.20377085507565687,0.3207264904349638,0.5431003717445915
0.5462347916761672,0.6598959500937607,0.3168964522951508,0.24558708113838595,0.39675412009809663,0.7145083599145519,0.5665438659170376,0.5163277768939015
0.429854966995296,0.3320596779860985,0.3872964651507831,0.5110812520669501,0.12326815976371397,0.6430348780256118,0.456977239965902,0.29794358298598617
0.3539674261970189,0.6347970456042216,0.6597417147469641,0.6520649188379535,0.09920390469172663,0.2696004904841714,0.6283894258887402,0.4643694708103193
0.5285635031005236,0.3124159120781993,0.40164310269864256,0.6920930042742734,0.06510942847994013,0.0,0.0242007918493551,0.443909586294898
0.36413506450462996,0.5749987506271896,0.4009796509716852,0.3493349197035965,0.8170423232649457,0.4077465899003386,0.4032133110097534,0.8381243254670148
0.36917540692343576,0.42716930767775274,0.5262110295521517,0.4075125579274111,0.41383124979985036,0.47053195467569886,0.75809214827527,0.8258410515981605
0.6874157250728379,0.4646379908402434,0.132381048325054,0.4556922426573769,0.2685610988371024,0.5921649730807731,0.6335096160739991,0.6103734706521996
0.5450395932159603,0.414242116594167,0.324350230387561,0.47114395675183657,0.3841957082935587,0.433484124030025,0.4375856135894534,0.3481835838314374
0.216842293382507,0.22464231366346432,0.5583217578205838,0.5185867851186208,0.44327960857341103,0.5436777975088348,0.7353066507575531,0.5936334333337369
0.6263792403014121,0.38433401085843855,0.4096257357867768,0.46559745423321414,0.2887132797154932,0.2321060450084488,0.3151285332739248,0.6345506085657919
0.5148391563591131,0.32723924647903146,0.1889146923297738,0.510925926949811,0.29909348177549977,0.03970565646600263,0.4061307067146578,0.5849119432203884
0.4308438754606119,0.8179896836281824,0.10414011691007356,0.29799566090825064,0.10768637656122998,0.526791676116047,0.3696222834937238,0.6396211540889968
0.483471002830639,0.014974495948433031,0.4149502104996369,0.4269647240883801,0.6367279486220349,0.6444893970441958,0.6195075411789457,0.5527081757664306
0.30874378170765326,0.815670767328557,0.28607253236838803,0.4613522169350966,0.29006024808811903,0.4205769336864295,0.7871141986327247,0.6024296781414503
0.6968873179424473,0.3013087167536952,0.3374443541935371,0.6266304069325337,0.07506868372744663,0.48160630675939076,0.68099240829884,0.45806681973684965
0.2039793229922278,0.26235537252769703,0.5012522935776036,0.7289097368165651,0.4789566573638358,0.37677130839021133,0.2887005858749479,0.6627412361059626
0.5950198897138683,0.4769023553474554,0.2865263919815304,0.2920520763883652,0.36343469568341435,0.6796719136693972,0.3480653964494893,0.6226594434148641
0.5098379114607852,0.38540469511834274,0.6092151639667793,0.38405577548589936,0.2401021948157171,0.08457602924522521,0.7622324593207233,0.8358847995999594
0.4959119480207638,0.6022226367822245,0.3512160620276116,0.660727577093269,0.21783642373135745,0.2636036007863562,0.3180620423183331,0.6714629992239394
0.5238911093930909,0.5107099846043521,0.5306589972032565,0.49478646195873394,0.18103129420837907,0.2581602577520788,0.4834814849297419,0.41202584376176565
0.5511310067072406,0.8177472263270822,0.3239923479337949,0.2700458203651385,0.3771959137245369,0.5399220836805566,0.6745634166356669,0.5160899821119833
0.3434056909749371,0.6291200178925731,0.40875651014817743,0.3002182410480542,0.324840175293642,0.15416342209931597,0.6459545874068391,0.5315783672168137
0.5283014511926453,0.40712609921421894,0.27397872851899024,0.5475502929070417,0.25277847023907724,0.33582421551806263,0.242827196544057,0.7572854383364032
0.42885047999730863,0.742801708485402,0.12940460296012923,0.5105618926301985,0.7231139853707669,0.49114533603107025,0.4522494795873131,0.4803686857757656
0.5332926448616989,1.0,0.5309509725621575,0.6024965826211031,0.0,0.49965716926618725,0.2839994783235735,0.396259673108009
0.25767615419895984,0.5468639127458204,0.40863665390915294,0.596012226754812,0.14280197963688532,0.8759749098842017,1.0,0.5941317174410631
0.5645745368589771,0.527259895507548,0.391582703344024,0.5344456987300155,0.2889840108239434,0.928601410916982,0.3719691086330776,0.5887186274865156
0.533115945354315,0.5761714428875724,0.1594150671071279,0.41638594346209884,0.6189283444173126,0.2867935656744639,0.8194794586443246,0.477628570612238
0.33776762524559534,0.42181852836155365,0.5831037428302563,0.34593326164271704,0.6570599458172095,0.5675532198109202,0.5965580248120637,0.5127383926096177
0.38675866880894744,0.555827015812719,0.49706252739420936,0.5331871968648889,0.0,0.4261362459683622,0.5941019694757114,0.7988509389357785
0.6129681006100952,0.31377973543026805,0.42708009381715556,0.7974696812070705,0.7858853772801322,0.4460096206349672,0.494356424212554,0.30738434538720316
0.4453038447807244,0.6473223951163778,0.479548053891664,0.6040666157279087,0.44961295349535996,0.3475164098794172,0.6408672419708158,0.6907563259626305
0.5149039477352786,0.20338022219017304,0.2032683521148225,0.24051010354946684,0.04960300429916721,0.46859503431105837,0.7374155357483511,0.7536352099786171
0.5296865657401751,0.47567007071299194,0.2378971863555722,0.2748629520834254,0.015936533767970572,0.31518743853178693,0.6283788245717277,0.6509926938210999
0.4540758233243877,0.32900948880350533,0.35714938614589653,0.6165589956794595,1.0,0.5248571389701702,0.442003729112672,0.6972886721168099
0.5521212231685055,0.592401808358666,0.34464743415719423,0.269002648292271,0.19400881738305317,0.5207076307898352,0.3354288196963135,0.6090250683573759
0.3971959582487463,0.6065136496557688,0.35055889910385585,0.2388427964916861,0.14733872820437754,0.4089602190367682,0.3196014701113605,0.4901528046911669
0.8026277211726207,0.5016590642851106,0.3411421759210772,0.46925602897153235,0.41233547776497015,0.3670697804995875,0.430979180636162,0.4838826800686465
0.3829949812620363,0.21113404899111465,0.5988786346806811,0.367482747253751,0.37900632057379013,0.19349634463406729,0.2321021266942682,0.5287780891529066
0.7921842119348399,0.5175147161836513,0.4074998122843432,0.5193525059979422,0.5798433170348516,0.16114882080098447,0.1165302227979401,1.0
0.3527073910964241,0.42481697494029547,0.6794758843883166,0.5510140236052539,0.17935035064535274,0.3479272717567739,0.870408008962734,0.37764257718423677
0.8050404114329338,0.5250756969844357,0.362780409551107,0.5698818561517967,0.7930664760243821,0.33702637021813125,0.5950517209434623,0.5912948088924289
0.6855494665901449,0.5685374357025132,0.5248019525255792,0.537389310671369,0.7084714363751432,0.6405319996998613,0.4917480694699879,0.6425280711248111
0.39143382703119983,0.44527050597914375,0.6432727170312735,0.3133138863011125,0.5599188670294585,0.7196969752103638,0.89446889581644,0.5032986315326824
0.2701128405877722,0.5537260144314597,0.2731119587079337,0.8091749737442644,0.1839533033405384,0.13924990318150074,0.4546115067724151,0.3851960233303193
0.09833982074050707,0.6418289543410776,0.34580287341444016,0.3611631563501692,0.42521127327892744,0.8414659619118446,0.6463796138468763,0.24456486816662462
0.9025910973125372,0.5602140132134146,0.2904401598164932,0.2828200641983007,0.023940108434602793,0.32540220662212943,0.3102502609463999,0.35592726359272303
0.44254881598717344,0.4827886485245223,0.6075069209124169,0.5369712637047062,0.40334859799167233,0.1469224825940052,0.6988597653375247,0.3837150032996839
0.723150749443848,0.525954953424808,0.34710758095133165,0.7925487258022059,0.9013243573645779,0.5464189275857074,0.8274164815985485,0.5124887429095115
0.3706958466262767,0.5543919267794362,0.16892694336122227,0.22238773353051372,0.20014636496917815,0.1116282681241188,0.7565589937677961,0.5867129470491369
0.48732744170280357,0.6600756432759471,0.2634849079288283,0.36172724788295835,0.4750589638816938,0.32092912526816003,0.6266450620230187,0.3713924967684311
0.48241058653029173,0.5039226303822346,0.5413866862200764,0.5456588768264479,0.34145494733076887,0.4586030821803263,0.7122512517024235,0.4086193695371401
0.5311492540164175,0.5231895166438303,0.48376365962729817,0.5158675325207183,0.0,0.7951758301007932,0.3176765395692195,0.5447144784190827
0.2272708179696602,0.6569071083340994,0.5042220224573323,0.2886733798701641,0.2220915658263602,0.5566106324517308,0.3418458161829292,0.3855442970509376
0.34904640932582925,0.5415421987525235,0.46919579901156366,0.4198217031568558,0.3056215952849416,0.6991947357692893,0.6519000075032244,0.5350734932292481
0.5942433762418591,0.4385028586320754,0.2694091932732098,0.8182695793811969,0.6546374860638315,0.5363979765245596,0.7359977059379573,0.5261599352903914
0.4017649881806331,0.5980305615581383,0.5243090194844394,0.46616582205657703,0.02701040476206714,0.4674592596861817,0.2078998201163024,0.5174899988971682
0.42500076742711224,0.2789337408429411,0.5598627686621047,0.5921198141525761,0.13332452732433506,0.3435292154996013,0.6216534332688379,0.48105009239076396
0.5940580323356934,0.4473857478637928,0.6438440454920611,0.5053085399085755,0.19660383252320604,0.4919332179571913,0.67305795122705,0.4596159297107273
0.3822331512657054,0.37938981199195787,0.5068103440249844,0.25711142643791934,0.2468664723383625,0.6381821914784386,0.4926839920246308,0.397334202672719
0.4778848684021146,0.3748118468714239,0.27200928173548355,0.7979758540155799,0.4837352595919746,0.49551278960388534,0.5649516479067084,0.7431583229971249
0.3504272350285229,0.6013371116579425,0.5419886323799683,0.5185695340869325,0.4153248856656738,0.37383071941056234,0.7342203943339118,0.5862768725922186
0.16494255497672075,0.4621247306227403,0.5722654562695249,0.6068062242349213,0.0,0.4980671157373306,0.7720336261656027,0.3950625621915094
0.8098011363581964,0.3239685753115289,0.40816137269355873,0.3516480146041295,0.4301458844343402,0.15966682834251678,0.3537490862374086,0.6895489054444884
0.565640133956469,0.6267752271824687,0.4430817336731902,0.23842854123217966,0.470663387869373,0.37554595542120084,0.4796026690812644,0.5506640237502343
0.5040518978819256,0.22453716126932832,0.2709320840391557,0.5000112767448777,0.8166279500819085,0.6925005771600203,0.0,0.612469552707461
0.45080575960899966,0.5988474746878065,0.5843320049999854,0.3396471079490077,0.3462225765191902,0.5144306473643523,0.6350274112813842,0.5376394216726649
0.43915704525800947,0.5116149314762701,0.32491630450412246,0.6997026296139937,0.5583869533764664,0.5893073013881424,0.5064370174073679,0.591579671451954
0.24178749849954045,0.25976413655930664,0.30200516636714014,0.5648334897460776,0.4349068795597495,0.5233660348344368,0.7777329040204964,0.6600931589984577
0.32123473890096366,0.45533346009460374,0.3024620359207736,0.2779568329679843,0.4276240747303759,0.751069956057695,0.4119450726298392,0.7235683712076508
0.4652048615610825,0.47312007203598583,0.4566630084233684,0.5185665183460559,0.17179410241585877,0.42878159027618895,0.1955331363436511,0.6629553134832787
0.4945483846625702,0.6552656650299085,0.35927348484664523,0.3852528702834183,0.332403558652951,0.9404027849319233,0.5921594487231935,0.33195625489414715
0.6122661618678774,0.5772103296016002,0.5569757539910587,0.6189585889628217,0.0,0.5222258750593024,0.4052709084697617,0.5145154090646921
0.8129651713817347,0.5713377230563967,0.25367085366555875,0.5076871538216143,0.33734649634251673,0.46920046696043366,0.4772374923172484,0.6320080484546035
0.4827305611020882,0.6764094617944352,0.39445013737287926,0.47379061293883346,0.2120812194608961,0.7363780085117787,0.9249112459658028,0.6994231830149277
0.43094813238972035,0.3877430635912127,0.29989645788285235,0.6379118734374416,0.0,0.61020341204526,0.3815069089238971,0.49358758523953733
0.35798268824047047,0.8148507701580368,0.4651471636858501,0.6473038748937381,0.3058320570702136,0.3784352214768752,0.2894905616259779,0.6771203577173155
0.5909015347720841,0.4569889712966546,0.462806349724251,0.498706587859793,0.517605293340199,0.5692234657595446,0.308788289663321,0.46289445462847484
0.28890091736931617,0.6421131789260404,0.4889208147807922,0.36546150449128395,0.6321922478558702,0.3824287390184,0.4559963944680651,0.19969026594611283
0.3601725507052348,0.8146407203383514,0.5170888196033914,0.5232285945470478,0.6159767335189656,0.3371203625107353,0.4346928294930857,0.6469543659136496
0.47097163498075983,0.31821940750772626,0.7260725587678462,0.642071473411876,0.34377827866248317,0.8182800735525609,0.4170738982371939,0.6367706014019245
0.3064481708417613,0.5445632435625427,0.3623132757694338,0.5960450433770739,0.5639164596860786,0.6568292832706998,0.1438748654185021,0.5579023349486599
0.7582764205789345,0.4886938314782281,0.5141256886408935,0.6199424170427164,0.27938690058267746,0.24312259278549717,0.6564054775148256,0.5228532264739446
0.48484941184337743,0.29912531215520843,0.34297296275191347,0.2530996286946044,0.21611472529611087,0.5818129876668114,0.805362532715453,0.678484913037325
0.4354056001350813,0.27815127073632695,0.347355868813222,0.17851749373523235,0.5430733520101007,0.3542081499933676,0.7571164468723359,0.6678374790634098
0.6270326756561256,0.5452222703965877,0.5325062094961586,0.2976076539080999,0.137203907403011,0.4369467332167489,0.6065566418645248,0.37600765532413594
0.7428309126460233,0.4633652510792903,0.46132567372290423,0.39925090477256736,0.0,0.25796781131716845,0.3070420524740629,0.7436870673873169
0.4386118209288532,0.509508579992394,0.22601835183453287,0.25379583505452935,0.5757886856535055,0.6618529396483973,0.1328462487645819,0.6560058957251097
0.5475216065213571,0.8431877366682379,0.4863356500046364,0.517632150704626,0.3533247159629478,0.767865317896,0.6129578211815296,0.4181190744820955
0.3108342902859734,0.5888531747418746,0.30130855393249295,0.4421246595676221,0.40987444903686476,0.3785477171827831,0.4099596216668313,0.49359531482733593
0.6145409899676936,0.4704485889903314,0.3160203056290089,0.36139356913740656,0.17186355746950355,0.7233362550135045,0.3739083091629045,0.595654045599552
0.3194766141120561,0.28716881617761736,0.48296731835010426,0.5808665993639557,0.23395095503487842,0.5032249575800946,0.6988703039630847,0.6526457456431758
0.42965959888493366,0.38064321466537265,0.4277234082951754,0.6505683506214992,0.7961312086508631,0.47469622060921,0.3408022179982491,0.7041157507229636
0.5670741574758182,0.13119995417236652,0.5689383865598969,0.46641485707713454,0.34421589116193313,0.5189055135176938,0.4917503742041594,0.37062687891619356
0.29897760148137303,0.5899186752108854,0.6612002983279408,0.5358139541530729,0.06672467374628621,0.34673549504371476,0.5633904013968231,0.6067676392309337
0.4008763425967887,0.5477149627411553,0.3741497194221243,0.36458537345303393,0.19032562541760933,0.2309580658382795,0.6297763851807678,0.5635886748315387
0.672066548040535,0.2886562150686114,0.25537844214821936,0.4736359088908076,0.06689219020899995,0.3966771602479784,0.3527872693062971,0.577864538515077
0.48957870699429723,0.4244402503226876,0.5175419851297698,0.26100789701160404,0.2505095382955395,0.5168188776500393,0.5602814139562234,0.5856416434598805
0.4238792743258106,0.5116656657980929,0.4068223119295808,0.6524416676547555,0.2470591105144241,0.3277380840605784,0.5809646817616536,0.7182536665077586
0.35367050044408815,0.48991031383456907,0.43392235493092607,0.663211779284175,0.4245983792943717,0.401687612196214,0.5949266971133584,0.5409513983972396
0.37703381374758493,0.742262934929423,0.2719500209973681,0.5273048247298124,0.24533332009469747,0.9128440269704821,0.2185413113015195,0.5544730939728125
0.6214296624297679,0.5827289033185057,0.5418715332339474,0.7070592778994957,0.318786736051287,0.48258305477137003,0.4591740462254567,0.6073269698617934
0.943243159268446,0.2994701972257019,0.43570702377660436,0.56648420711083,0.37892444898943956,0.6753428372772232,0.3551394931584666,0.49681335853451475
0.5052976463332991,0.6200023577892431,0.47629642360468993,0.2969584881866462,0.4732283776370541,0.3656558421483846,0.8778557591007992,0.6463893828167998
0.5235313266397981,0.4754277081333118,0.6306260430513198,0.41404585001868127,0.3285188797628073,0.9984367997201377,0.3886442454313267,0.28065642011847547
0.5099175095807148,0.3903392302472408,0.3815621162771587,0.49461860341292513,0.0,0.9291649850152975,0.5612269106205511,0.5239599108848358
0.47250318386056894,0.31647307478160513,0.556842161780732,0.6019609762774489,0.5484808082978145,0.24929879752564768,0.2940607520733879,0.3957056874720413
0.27301942684282365,0.611591950817461,0.5043931722975081,0.35190467407229115,0.6820075524020338,0.8692791841198496,0.5295641478073054,0.5506048243367221
0.38275162031881543,0.5055783053139535,0.5353404095688259,0.5978006019961284,0.11154112615891361,0.31482201922177006,0.3800720010357593,0.5439459458159089
0.19019097876521057,0.6123955608983618,0.2879239616727029,0.7030618486287805,0.22069693833800963,0.0,0.2154246184376891,0.5209103285610092
0.4882148380331,0.44619166526389265,0.16406979711063907,0.22389016692286262,0.4766555085556685,0.7313667562073978,0.8834518296852246,0.42893138836243333
0.3913626258179523,0.526210939618057,0.39528044177210164,0.2477139556051448,0.5801383757219742,0.5218165940699664,0.4459464791272222,0.6626320813563745
0.6795836570867139,0.5679773083213995,0.24853172546998226,0.6919856531496429,0.5676875524046969,0.8734924008322702,0.3312292245150201,0.4207312783657104
0.24505797553430497,0.5584288860499473,0.47742688215437146,0.5797725368082831,0.18987747341696037,0.1863711373159899,0.7145859229014693,0.3477742579649374
0.4610026735135316,0.48786767313028534,0.27076688267447835,0.5506956630387008,0.8010255195147795,0.32576139399847387,0.7382521363263665,0.4639682636138097
0.5752585852431753,0.7227651338253498,0.4819254069100801,0.46309596734618214,0.36769589853650375,0.6370580169421937,0.3264049154943336,0.5188150848634943
0.5700662833288088,0.40314485437209946,0.6395652564541346,0.5187387968994113,0.36985986066237325,0.6734374825655478,0.8211239665130237,0.5365911139017169
0.8106284403697627,0.6292687631665199,0.44679679592459415,0.15641249562864928,0.14000804271248338,0.5730788483850281,0.3393778332093371,0.49250483430055886
0.8503441040349949,0.3512514075210458,0.3678663850818704,0.2249369805782338,0.779696909915217,0.3811578255236667,0.7499420840368637,0.3926477420724739
0.5391834919372571,0.5054613102056535,0.46593784454710585,0.7462345634755476,0.555249238226409,0.9882443444943828,0.8185928192054763,0.592160285250668
0.7505558858256648,0.4521510781637641,0.46716627321895837,0.8553611396087104,0.5469832430128571,0.5270380681974772,0.4098011965941381,0.49188887777665385
0.5495948758797856,0.2636830264271044,0.4679427169125396,0.4200648449778314,0.2426997475471218,0.3258544456712517,0.6320919904703101,0.3211464368070881
0.6428915507926826,0.39889680709381814,0.3892220931370025,0.7806472708916825,0.40019776816120156,0.3458362394542621,0.750903740476238,0.5531835473428899
0.543834181477104,0.4429647565740691,0.6119406476285509,0.6227837716032074,0.33878035951302826,0.836298491483603,0.8085472734559552,0.46928453968571465
0.5708514264825135,0.39321324629301735,0.47708834187090327,0.46336222138359034,0.037556732654692206,0.34679095951992006,0.6552457009448213,0.6240596169848501
0.3788635275202769,0.5690784861431766,0.3729284507634727,0.6285290061081021,0.145505973847316,0.4953898887829068,0.4433696230240248,0.626416722180129
0.2856586818002323,0.5787118208566557,0.3645803033402588,0.33815436409197835,1.0,0.6483644588780253,0.5472284819758202,0.6784627747721088
0.19242029218815357,0.7529293727860331,0.43678296567267594,0.647354953812584,0.02554863039392572,0.3737194888866884,0.4485895182373871,0.6585399750858392
0.34171973278173073,0.1923176902271404,0.42819004382085496,0.5910338972674751,0.48208551266518124,0.21860450757920225,0.5922156064592871,0.3953433121092244
0.3279336581585463,0.4700043405018146,0.29156863137512967,0.3574209078367279,0.22763690001532041,0.3326039291120826,0.4269694773603573,0.5788202351449843
0.49715471891641266,0.4234446836543846,0.4073007387144337,0.08865310229923618,0.0,0.6920610336173336,0.5889707075114976,0.5799876246459401
0.47503938557257924,0.3625283591358279,0.5137524474540425,0.7632138179652803,0.5344014530578022,0.34768242699275603,0.5434415875056802,0.5647994680857272
0.7428072423085407,0.5514520874489186,0.6800731045245687,0.6743670059368456,0.0,0.3805042283951194,0.7331189790288256,0.34245134980992026
0.4372697962703976,0.0031039639613492653,0.368888968296563,0.5810353412408515,0.31151207340069126,0.26444770840172843,0.6215895134011508,0.30499595187251055
0.3561199772609613,0.5287398887728383,0.26472294237133104,0.1677368564669885,0.3065676869583098,0.7343620286547691,0.5046161317900841,0.6536795893497794
0.5073544947063505,0.8712492913448724,0.40181582922334713,0.4497536986480894,0.7933409865381309,0.6644700941791508,0.850638960413117,0.39124983087234455
0.7291192388566952,0.4817932108908103,0.2358949840060321,0.30729950779496457,0.24995054572600103,0.02385217889530055,0.7548880455697806,0.44942259000942586
0.6103026157565551,0.2599510787608015,0.41536413326603056,0.6555641600367175,0.11321060782743388,0.5932862574824634,0.4679739720804126,0.5152587983218048
0.46392187260712586,0.6705992011931148,0.5606164076959945,0.5153062445645196,0.3798645638797208,0.7051264227745165,0.4945231359192512,0.4918880782122174
0.7969979334014053,0.1943192955656361,0.5328253593430019,0.4462446256308262,0.0,0.5513501597323576,0.3714447234200104,0.3021209234097241
0.5523052532549981,0.5834257685920026,0.3294901091300807,0.6476883935218698,0.6894047640898401,0.36269224936924627,0.4575820660159149,0.5009163568300479
0.39053792699304346,0.3351409787775612,0.6126514573971307,0.5032493868839258,0.7722350821110208,0.4146391610129485,0.3989020489110977,0.564551829132594
0.4432210744974618,0.3594782843710771,0.3621397796775465,0.5197552895022302,0.04103439895784668,0.69343562448779,0.5365988899290521,0.42776805638770093
0.43996256159889746,0.5857526269614297,0.4347578419355442,0.6722879401665027,0.0,0.5003953689511621,0.5024339364565811,0.4446101708555003
0.47907424275555793,0.44275290032146053,0.37828881949512655,0.4591713738022039,0.38350739658667027,0.3558059783060208,0.7838911361595678,0.7098326778652493
0.5738132452867706,0.5512130864679765,0.3394205125115307,0.17256231522284787,0.2678363682708667,0.4701088613670023,0.5595752382047691,0.6702034132732383
0.603443152248848,0.35795016697975335,0.4123749291002086,0.5410003530007208,0.0824298234008063,0.5797527528849629,0.915555517039689,0.642890571392776
0.5073587481380472,0.3795471918726392,0.399687324119048,0.32217753547084754,0.4210772660195259,0.5771940185137753,0.5435436402174333,0.6297666740269795
0.5533568188903183,0.3076069754059816,0.3864772598904153,0.4064125790066449,0.5198366899391941,0.6623411143226532,1.0,0.5605452484668757
0.35076388189609153,0.3292926211902891,0.28052528737891924,0.6745378403731839,0.4793662724553238,0.5616584127277643,0.7718595198729612,0.519863833147879
0.49874579305427796,0.2679640831987573,0.5340272878558052,0.742920593284953,0.23974828355427516,0.6803457394280548,0.6576408281594374,0.3500267460343954
0.3897773587876081,0.4268476051851007,0.15216304720262286,0.4936808534142743,0.3800266167172746,0.6553873405863033,0.35150264444608,0.6568785128286452
0.5095395978742755,0.5668705683411552,0.7220501378630145,0.6627092811886652,0.3106749998455526,0.11053150517183714,0.5912498977057066,0.647093086125666
0.5514039338420706,0.47989508065784214,0.4953367409479622,0.4417931458812751,0.4819535987882258,0.47726666218371294,0.582390599812362,0.5296064785904238
0.4058251448755476,0.44722457205317667,0.4854792054204361,0.5328546889200947,0.5877810245950594,0.3843080542247337,0.7060499387939134,0.48147006086789973
0.5598368788441143,0.3413106028319639,0.19815331273956874,0.3342604044210637,0.4563944541967676,0.551520171479626,0.3524526590630318,0.454371846108809
0.6057016930470482,0.745711746767574,0.4379625107380881,0.45877645329270395,0.5472911142685839,0.8060669128708823,0.7684360262489709,0.48560446180754596
0.6447933495941057,0.42898527540263665,0.32386943587576095,0.5337176874749909,0.34825713253538,0.6952862754396136,0.5212365838880433,0.6190729647453534
0.5641246416504239,0.3774072497522347,0.5535198497976259,0.25614956890319646,0.5572659112505911,0.7754361873009122,0.6935588938006852,0.38206730274339434
0.48754059836795177,0.6031704712645745,0.23806737608067802,0.49438502087007213,0.6655648993764167,0.6468953490002436,0.7357731874073878,0.6386324615366719
0.5725307587890119,0.4327685752374464,0.4656409175582274,0.5577455049857152,0.416663954339961,0.27378655289948245,0.528395982774801,0.49022843134854305
0.25850408362489363,0.4549335249429607,0.4596845385321227,0.46540357891516987,0.6334702637310522,0.49668631803549596,0.5068543628400445,0.3313202938510338
0.4693269165866008,0.6744962391298994,0.5892078299313972,0.4666688483172388,0.7538612020880621,0.5075149718671732,0.6896285900944099,0.5213424481618766
0.708699154953884,0.37229897603241824,0.4447117379855217,0.41520167961043114,0.4528727146994475,0.21323883521431714,0.7731052925052532,0.5266077308583476
0.4319600742706207,0.6554885774175929,0.3107546756579907,0.3258331341357839,0.3506186540635942,0.09009709676233496,0.6688911744143331,0.56110942101242
0.5281938376462331,0.4886346156593877,0.49800431271462176,0.5139484273790274,0.43082022831384265,0.746681215270534,0.6270658390432413,0.2531784245552568
0.2893861972461556,0.5485541149743902,0.2563083606913575,0.5724223275178915,0.47453681628063427,0.6927850846111142,0.5110398485060178,0.6673797394864891
0.37129826432905527,0.625324744991504,0.35560910343849134,0.6150199785265604,0.317334583340073,0.23903662191341013,0.1154456455875327,0.6381949488870039
0.580822707464345,0.17367193682825643,0.5203961693607229,0.5780829325949004,0.0,0.4822911570833974,0.5227941336255545,0.23869597551125135
0.7115376665169789,0.22160247398149657,0.5665194556980874,0.5893975297259884,1.0,0.424873267856532,0.8278513033483504,0.5993693771587327
0.4903188631379372,0.7241746207982853,0.5541870424411045,0.5024457564975777,0.6625668489745741,0.5612901725926681,0.6398928493791405,0.2953541851981017
0.4520007646507875,0.39254736866347173,0.5669606130163063,0.34811221782868146,0.2865785601082485,0.63918642018817,0.0759825569759651,0.7671541194393386
0.38777459436548106,0.49786597144265343,0.5361579051214722,0.2559545918098903,0.2949037351408014,0.02431366802533432,0.3395456332130959,0.42232079373458337
0.30269564038895613,0.5159928935685265,0.43104602138031706,0.3233929738498443,0.7809712482027881,0.6640464796611969,0.0428445511010099,0.5202179702056666
0.6437270920706245,0.4336374345042273,0.7355650547218694,0.3579727880984473,0.8253575248166221,0.4473384386244168,0.5719361695372642,0.6872494114546249
0.45992056450556845,0.27984828085486413,0.449752460899719,0.6086270728163532,0.3716738411553412,0.5995576618835555,0.3741924277592778,0.34475145980124433
0.4463630371753086,0.4633247349558083,0.5717109760109433,0.6760398118514461,0.41514735829293997,0.46543086503717784,0.5382248467672784,0.6034140566108086
0.7508147304679447,0.39710038663424463,0.2572780299450059,0.578782802209671,0.554147334939913,0.45700903238420976,0.403196575275583,0.4366379756726287
0.3626289127055126,0.5627444968136199,0.42408158206480767,0.3678691712940512,0.3260536822578547,0.11168643987595578,0.5108103325692002,0.44088457897250655
0.4254717187944344,0.5264668237054018,0.604576532045874,0.3626500684139042,0.2997549219016945,0.37636791026327454,0.0,0.30959617305814785
0.5592178743773569,0.7471112141434162,0.25329840917658847,0.3109271039266231,0.15767825325283905,0.6449183557446245,0.4229013518175283,0.6602283950901351
0.6059327181195613,0.5622209336603365,0.3985132382634961,0.4468929185059675,0.7158441283845851,0.6397631340560953,0.7094552817118925,0.389920238630213
0.6504393826803851,0.37408101020770523,0.3432530416838855,0.8187546402107866,0.32153120811134034,0.6825240645080881,0.597071981510638,0.8902961570056057
0.4572288161793314,0.3931421619420785,0.4009490179017775,0.6303482406364391,0.1254469353721487,0.7577726850412605,0.3832555732874797,0.29309500136645006
0.5169749685444953,0.6688301095864819,0.5150850147627842,0.5093325220895359,0.008581535664476192,0.20150754599880144,0.6198901372643408,0.6544875179837027
0.5625682482608452,0.400506125626201,0.14622608236053253,0.015998192075849238,0.8855444776336827,0.5388666926676468,0.3292134183079888,0.42922189975037406
0.4232447638258097,0.35642196758035105,0.5951601961586233,0.6984703158748145,0.37143241176265285,0.799619526697557,0.6249807189308086,0.40063062672518374
0.3833844713594817,0.4679043993589076,0.5006349337266087,0.2269977692339285,0.6460495610108856,0.4224248436275061,0.4089065887500519,0.782403140699247
0.4362292152671389,0.2821796180887901,0.487081179935607,0.5060487321765903,0.09154241079841144,0.0589411254488188,0.8639543574625195,0.7296861839229557
0.5090295634462679,0.6942184407859155,0.562899576603351,0.1386122304903642,0.36390963612210964,0.8072313545709892,0.0728400302530388,0.7602583738525236
0.4986483816075888,0.5699837393292171,0.6108188902641305,0.3816854578803362,0.7170198376221504,0.5390153850845204,0.3881672329881583,0.6242995572384635
0.4421972906844909,0.496578792950789,0.20464137524744824,0.41433196576881953,0.21614752994281575,0.7165999877033737,0.5316187797153572,0.6155646678848444
0.5605588032346829,0.5389013913106098,0.36083916626026774,0.5230485014648816,0.504839686409472,0.2937949449705386,0.4133220866627694,0.5096877521531414
0.5301556317878893,0.5281068800050548,0.3290268728882306,0.3195993007750469,0.3329037693817869,0.7179073166153281,0.5325593236199825,0.3242875907164784
0.39041460468638384,0.4993985240271286,0.34766116534146085,0.3534644127941871,0.05726206972692932,0.33805503284654326,0.3204681229449891,0.334806310502496
0.6118424120701929,0.5087282494022372,0.4073675523782598,0.6425828029812819,0.42966482668932443,0.6928311768343958,0.5628889181749706,0.08249771966256608
0.42421257174139326,0.6411402003627362,0.29103431142703196,0.3274720606904507,0.2968328885669107,0.21180367309501624,0.3970122587133455,0.4652998346002527
0.6236526623823495,0.6937809933765884,0.5243815933413827,0.4780345503104952,0.5883003862628886,0.531618975173362,0.2403792192625684,0.7344530513048071
0.4266273811777169,0.12516826672790238,0.5066949356591874,0.5279051346962254,0.5891843553676146,0.7868619338704153,0.4505328072207163,0.36994399921421217
0.6304490560117857,0.5797274509149783,0.6480474603242741,0.18795892543972587,0.22404042562670334,0.0014379001209293002,0.5025043728659573,0.5762158632898963
0.6256602974037467,0.6730366966620256,0.48024593156304873,0.34184190691916366,0.0014905516775623796,0.5286612610000008,0.6804542799886906,0.5771837951892526
0.6331626889391383,0.5457639185330194,0.4634953249660159,0.3090999776987687,0.4965774983375553,0.10967941742342267,0.1568583362723741,0.5008822695198659
0.3581738975215438,0.582245460225133,0.11520883978583793,0.5514823047504076,0.5316345908342356,0.5288652943452073,0.4505319225949686,0.7104327477628479
0.5122767259394805,0.6347951562189866,0.19646902734114136,0.5216357598506745,0.7726008921434097,0.24916780260087923,0.5476342612279257,0.5005939571383548
0.39895000440188894,0.623469624157682,0.5961261066490162,0.14462001593873852,0.6427701251007012,0.41671231335039494,0.38897815441433,0.641212376489499
0.8551258509084841,0.5027037806213404,0.6157234938624203,0.36054864725040464,0.14965608002570638,0.3218862378817972,0.6566319775554021,0.626714385063824
0.5878185405904286,0.8466336765455651,0.38898565491769543,0.4996883090140318,1.0,0.316396187672207,0.344991007396752,0.3882282624987151
0.424956845597982,0.7688436369039664,0.554705560091834,0.562871081861902,0.25744916530367223,0.34902676068561583,0.4384857165768401,0.42727210697872187
0.3837658545504116,0.5252436705374883,0.42379313832959387,0.5817136769173801,0.05660361285085019,0.5264994286991291,0.4506551151771119,0.707025823400359
0.35259240248268,0.3731918233051843,0.39664505188715893,0.23186736113748213,0.0,0.9357124347983325,0.4929807066430811,0.4302346770557691
0.50489785296647,0.4478243867275733,0.5135193498085031,0.33752743202631325,0.5571296608786341,0.6764572985198433,0.9809675084507946,0.6128714895046211
0.5672154426434715,0.720132341906929,0.3875200651745348,0.5516625225258944,0.6554653761985632,0.23099710321386624,0.2456902958215432,0.3525810556040794
0.40508792237599295,0.0,0.42484658507071743,0.3004484616886329,0.37518887686364893,0.4896915582784697,0.6289379606568467,0.7369155756846928
0.3102716732765265,0.5296227578716799,0.5782072124744169,0.5440432224875644,0.044780411155670594,0.41420385652551606,0.1055821946712363,0.7280055545573796
0.6323678610014872,0.45954884998998047,0.4819338079203999,0.5598744282630963,0.0,0.3592579201337134,0.5937080323092139,0.5639540887943106
0.31482298660090896,0.3317286367552157,0.5019160215847459,0.8408354620173795,0.19585662789397373,0.2070050507790222,0.4459257201728417,0.40174285953118327
0.49260708379363555,0.5971749018110835,0.3475004690533976,0.4320094975874253,0.8649593136861689,0.6386435203317409,0.4549013153330727,0.48723095396340005
0.3169944428771039,0.6353783915060731,0.2934667480263599,0.6258161540337901,0.524894385311339,0.7037846480179797,0.4921711946063316,0.12385766821286115
0.4553145053296131,0.5950668805028698,0.34944480413235346,0.4518617396405919,0.5139853629114606,0.8489167740150498,0.4400969924905045,0.6043742836699209
0.5482553905824226,0.44528710392002147,0.33858584688330534,0.521655937240245,0.47019451784126304,0.35330358666434414,0.5654144749755691,0.3621069326377117
0.6851450053504677,0.45823260374418595,0.6249600509919901,0.3192590014431445,0.10666799194427613,0.4344387080246954,0.27584646986075,0.4653338995622263
0.3307317666493035,0.4855945148566416,0.6939529111929927,0.5130099148397074,0.11700842903820512,0.7143031871162078,0.5620945508361503,0.3735374771596148
0.49984843510576954,0.3822823497732948,0.29810973272266805,0.3862202240222263,0.5077235785539873,0.30038107444619294,0.7704078731948651,0.4927080680992278
0.29448136944206665,0.7414587146599754,0.5536564666917971,0.27183142298947255,0.6709968607992224,0.4437671915070886,0.4884072000663395,0.5588562715614708
0.5685503966267582,0.6851410674484733,0.5466536491930989,0.34451451305495734,0.38134631949306796,0.7342335265412294,0.6955744544422275,0.36400040471712547
0.622044173552819,0.6744864592296285,0.34413113191946715,0.3651115270606033,0.32743978889669606,0.778051065502398,0.7076025054631925,0.6534762911400199
0.6203755033684186,0.8398002486980349,0.5797827341206742,0.47528185356433256,0.614483013803921,0.3736696950972712,0.632452596431924,0.6337348604506642
0.2027796162481629,0.24064802613730052,0.3614510427096602,0.5097278131995397,0.20332116424917618,0.16100531229667747,0.3135257513636025,0.3372725179998544
0.740708041252419,0.494003618145225,0.397460002188139,0.541406130211538,0.4064753470987397,0.6074957409212858,0.4079386474851273,0.3176582924201863
0.8535321753241142,0.7192568180531627,0.595603218336878,0.2050133821888594,0.4829079074093993,0.46566526921504336,0.5940965992258214,0.5062859815704727
0.4217383891620875,0.5518861007038129,0.4045925050529011,0.4457441411858491,0.4061880249159836,0.3673127685561024,0.6242693479938205,0.45338244761000995
0.7977989842148226,0.4547349927223845,0.3526128694492381,0.1709773033687872,0.6809639796356483,0.48450114002140243,0.4239926307421293,0.5729423600595189
0.4142508612326775,0.374038109599212,0.35579216209963993,0.39542615110427254,0.4357836637846223,0.27591641621272217,0.9004854935289595,0.7909192718903949
0.2665504236539953,0.5462149451111173,0.4706217206618912,0.4586156611575592,0.2891985182892406,0.45012607496550383,0.3476479258634708,0.7736258530243242
0.6196194678047289,0.17258339358449248,0.21637254957402804,0.36498523684963863,0.07586051784582837,0.38698790528976157,0.4104244710136083,0.6315817508575996
0.5402481374930257,0.2196781177726006,0.4620405841088445,0.22928672181218362,0.0,0.0,0.6494889942854112,0.5467610153886411
0.7376047963602566,0.6425325495587728,0.6100811852083222,0.42159672220003813,0.029602070384104735,0.5044678478637217,0.2998741255033518,0.5109741822904854
0.41588877156280096,0.6920569830639103,0.49355642392923166,0.4205522529691475,0.23332372298623683,0.49769698238467097,0.4082246309950006,0.5971754698297594
0.6019220574201085,0.47884829146088315,0.3465825100316506,0.49011657210210874,0.02949560782689062,0.2259946745271141,0.5199652630199536,0.49535281693848693
0.2864635757587037,0.6642473716482691,0.4736089809521646,0.69392245116049,0.2269397887967963,0.6652806634661049,0.7265609394349615,0.7387828877254539
0.3001222098690333,0.5948651368575462,0.18941663536477604,0.44839628884409005,0.3158877908160352,0.588463373632897,0.4612780977928984,0.47876623932800005
0.6938162334533026,0.3472955924841816,0.6879217845117178,0.306373772288764,0.37892055911790606,0.1413847204175221,0.2142190786976546,0.5915778325539669
0.5064927774156931,0.4476207800028398,0.1726104278225044,0.8130756211333605,0.45948888853625636,0.4883139762005024,0.4190409241159413,0.605811961792136
0.6961645226787601,0.25284374795345244,0.5064584780734469,0.40620836574860913,0.35201080434893356,0.2497601726732644,0.6096133849414341,0.6414458255957378
0.6149779134714846,0.2847419433553675,0.3699383578132491,0.5780399170568267,0.7928368938593691,0.32807729722430923,0.6545695677087446,0.6101203691353737
0.40525040842414517,0.3752226806683723,0.4377351192328646,0.0036932419052180254,0.504525425507494,0.34539405807945944,0.3246605828761414,0.46190949495970274
0.43119600170891725,0.46950837267521095,0.8224519933899439,0.2185606182542708,0.3154415812360956,0.3186194250555878,0.3640222920527627,0.3719066978780814
0.4049403640433397,0.5948797164613389,0.4041756817610745,0.6052034632203744,0.5046982543629303,0.7147243887815145,0.6816045325072383,0.2804756428103184
0.9293531206666253,0.7033585800644016,0.36970128936182717,0.1579420687046233,0.11443210298818791,0.023018898209883523,0.5251097173302297,0.7077743268671103
0.5086515994677224,0.5148485306882815,0.4112902575532984,0.435140579270276,1.0,0.246948318182957,0.53267207098316,0.26401167647063384
0.5230173852706833,0.48654144522378573,0.6391124426257251,0.3424477293865463,0.26778801859848167,0.2147963765759096,0.4885205072426412,0.47186025517350294
0.6253377635135605,0.5255854735658989,0.5436851183380549,0.6914142361941684,0.057965798756171874,0.14891242053785805,0.4532204399092812,0.8142271786608709
0.38590710431636516,0.4566398859696559,0.5967601803167464,0.6577416232923752,0.39452943380900407,0.5699847430498786,0.440440768755208,0.27193693147581083
0.790584028268219,0.6542591434771641,0.6031173352515853,0.46900026320489413,0.07739806608137745,0.33563703431573083,0.4979069741894541,0.6626484008539247
0.5235297881825361,0.5621955695583978,0.2437519434308504,0.39419189156877504,0.08022294640928795,0.4541837938156581,0.4504239761842674,0.4611275103855568
0.3667689489999385,0.038665768076619145,0.6874690204557112,0.38535212140695546,0.36368642450891586,0.6788465549001871,0.504377764232967,0.6539634848173284
0.44016475170417874,0.5081653411094376,0.24479213834941138,0.3673027740468691,0.21391493324450395,0.7862304235523482,0.2921559672018468,0.7902236874006421
0.5409633224817079,0.2501136579109424,0.5606348208871302,0.45698030927142147,0.06686492219492994,0.7403863339079086,0.4227774447827717,0.4299927798748522
0.4586252850204963,0.41552654497084873,0.4722246674873055,0.2937478885947385,0.2147214349438388,0.5738032875650334,0.5668654109107006,0.5224825188918686
0.6318206913691125,0.6506962585285692,0.40722520236303,0.75390145745972,0.5792092528577453,0.43118039434753347,0.6374476900790577,0.5332936991547848
0.6096286888163471,0.5218984890181684,0.3909997021058306,0.3528230296775881,0.3071712554829257,0.670880400224144,0.5649316471005037,0.46402571712591956
0.5676632042879789,0.12831156897734708,0.6739347679341378,0.42098811245560536,0.161943839250669,0.32325617186178746,0.6482147561364572,0.45638229085668547
0.520280198590216,0.5966159959196435,0.39561704639357753,0.4654445390039266,0.3977734015639783,0.6008541496076769,0.4631826265968161,0.5083672795241282
0.3435334936333524,0.41913750555009166,0.2694915312422257,0.6319031479490225,0.583400801209337,0.7166290425321469,0.311719366199595,0.5114282124071403
0.5941400743680426,0.37131965879128437,0.4859267280767976,0.6182088544573008,0.2485084502530362,0.5258374946663421,0.7979198818895299,0.3156650438695323
0.5441885253338531,0.31529261705477474,0.4594682444520493,0.5080877345797155,0.719616838863452,0.47773623024044,0.6519574473906155,0.5413025860575569
0.5733531874722294,0.4945358137769009,0.26659937966023084,0.2561381519877795,0.0,0.3298231821922203,0.4209432903967638,0.4920331461451766
0.9179139067637873,0.4916970964019054,0.5636349802714052,0.34801158101592083,0.12966851587063383,0.5594454443170173,0.2948070365038444,0.3672148954574313
0.4385645540257321,0.6505166414469077,0.529641564583748,0.6597280547866546,0.19144166950724054,0.7280135692990322,0.7693143325220593,0.4884669095212755
0.4370971460614597,0.5623405548833951,0.31479050385922425,0.15801095444076702,0.2847476941868576,0.6390330496660281,0.84461494352925,0.5277164483253041
0.5458939971018555,0.27955066980566556,0.49122530909727036,0.4253715665066737,0.9212737237590279,0.672508696923034,0.1857160003323399,0.31655227247459206
0.3568810794823179,0.5186506535785362,0.4250561745412545,0.4607073105928898,0.8011480233243444,0.28031815640748947,0.2873291000339363,0.40905544958441725
0.6910965165645164,0.532516014261212,0.653463797210173,0.5722672297959599,0.39574685470312754,0.4311045582495095,0.4231021757916964,0.6096624239077622
0.6762076616223134,0.5403843248742746,0.4329875488774731,0.6556874880051351,0.004253892004395468,0.5603746761442023,0.6933614208501089,0.38971742046724295
0.6094220443870219,0.3561824126144746,0.47075008845912647,0.3130303886087569,0.5133923827669482,0.7255372589032858,0.5677987027618839,0.5510798977267993
0.5423977451140225,0.6383938515923244,0.46947185766893385,0.12371667721064256,0.2790313146673043,0.309076379609988,0.7838071222734528,0.5180650515633767
0.7780995851327611,0.27490018022759166,0.2261700712436513,0.697431331965789,0.24172739949604172,0.2358215434987678,0.5059592330242849,0.5888536911362219
0.725724663162365,0.3704648171455176,0.6377959743549888,0.4894155943797948,0.4941627602001394,0.49216757691144813,0.3536285383168228,0.6968538574158322
0.5774421754078136,0.47623230411092443,0.5157676402171809,0.14979199425549744,0.6307103678876912,0.5294596000778168,0.4191685681041394,0.5724233951102095
0.5931097314628004,0.4804455415281268,0.12798411887017552,0.5774918813118597,0.5538732741923712,1.0,0.7119900339524753,0.6054199364443689
0.0,0.567236778541961,0.6126472205349678,0.33294952049972043,0.44310534916340244,0.46843249803194803,0.5773172459810385,0.5056065868785231
0.6163831772412993,0.43182179923177166,0.528529564116402,0.4872931772992957,0.5398828673972846,0.6363486817630285,0.5470911590222228,0.46820153378407214
0.561468936732794,0.43207234552317964,0.6365202946324549,0.3262254444536597,0.5647061040409023,0.27319596281300845,0.288239970350436,0.584127576635639
0.56542683305344,0.37447979560898936,0.5812437393696139,0.39124085912588574,0.19764221066788104,0.5729122954710915,0.957758132176058,0.4516809086755314
0.5524807501909964,0.3177626953466852,0.409409755286617,0.6201478288997115,0.9439563569119092,0.8784383521666137,0.6373135493506352,0.5966017207985027
0.5017448252935091,0.5314364006209047,0.3690589755147928,0.5114706336090697,0.0,0.28021674905436117,0.4884326775244813,0.6259946337630778
0.4597174896062119,0.4833471797250386,0.6952191773840701,0.3999859401718025,0.5716015529989541,0.28019215509362816,0.0863248569137935,0.7559843903686932
0.6882704041783662,0.4770421741826514,0.48986807875860466,0.6214021717854941,0.2873054485996115,0.48064797936262216,0.4463721721516474,0.4953164485352884
0.5265473291664836,0.46306942474707924,0.20638935637066189,0.39430929864451264,0.13180887080999976,0.4967553764808118,0.5684212079300837,0.34760667308866366
0.6052382690250986,0.3474013913746177,0.3589625812544265,0.12058212855427686,0.1906550241255104,0.20474749119964414,0.734132325863532,0.5787900535221838
0.7797932673923741,0.2306567532422079,0.4383832756358056,0.3296691255988267,0.1971344514790738,0.5804536154402596,0.5501256464206604,0.6110026735135056
0.30391862371664274,0.24461379000385008,0.3154468811130736,0.3645930852726797,0.3221539425455077,0.4256441976953023,0.0,0.7625822062326846
0.31713127320583107,0.30066270311126253,0.20424118424606014,0.3653409213817595,0.3439285557093909,0.5127298122993035,0.61792784627148,0.6188400555971728
0.5615484044926703,0.5630547927016849,0.7160738132246566,0.6454043744140436,0.2665316342552027,0.6136546754305569,0.4655917281469055,0.4889280364114717
0.8104911924739763,0.5603798786888827,0.3691426671912633,0.7329566839523227,0.1759839655698415,0.6706330612826384,0.7691870015676631,0.5563343846539115
0.6733445648866394,0.7582954083094631,0.5576774587609878,0.2600345584972304,0.39973344675722094,0.2944152469978522,0.6230327968557161,0.32634408203616766
0.4900054326840781,0.6652432904619943,0.5143812326470065,0.8455109994101717,0.20712194825486357,0.5598171468042212,0.3320944883964685,0.5493411326924406
0.39917151616227375,0.25654372062791,0.5345702251546693,0.593336637589154,0.0,0.2661038741593967,0.3199103077243946,0.6127689214068676
0.5467035217536884,0.3407303292370223,0.2565381375416364,0.6500001329034879,0.18797598384458825,0.619820666372719,0.2696637781931312,0.378689535287253
0.32073278658106175,0.15732007267171078,0.5310087297348728,0.5598311929105169,0.3727044116537153,0.2174548482198888,0.6415183643949239,0.7623451164550057
0.5877243503397805,0.31921455177962166,0.2297167382950031,0.28490643724359094,0.28276514024213445,0.5833603148966228,0.0869394449918778,0.6090990677525056
0.291040056981303,0.2930439120836983,0.3968788656775414,0.4228261147133034,0.35759163667497296,0.5420734227081775,0.4910786935633997,0.5298949176917503
0.7009778516364445,0.6292565742023903,0.46648002693574914,0.29964486520956085,0.1303529025028364,0.1548457750374853,0.6082642588016557,0.2543534234311208
0.23141025444257718,0.5320730298072487,0.5638812842930672,0.25978312410646237,0.5996672900847936,0.3425651860026007,0.4249185107032076,0.18404370533065242
0.5420602679070566,0.4998723382076218,0.46985068832709176,0.3825743581251682,0.2731349731770996,0.6366649023032185,0.1638259081523759,0.4673636850466
0.6029976720072793,0.651577063355063,0.5982265968981326,0.6653422439157564,0.26358742424250137,1.0,0.5182629457222699,0.6639367211893128
0.5371697571373063,0.569475952011274,0.43748479192268347,0.17204596706040737,0.29077621830371536,0.40468923971329507,0.4791283101123827,0.819790331675949
0.7495570578775702,0.4382549599424781,0.6182755328456366,0.41342311592162645,0.38442414328098073,0.5406718919997536,0.4902340328132594,0.42526653444171997
0.4518808224256813,0.42900037492243825,0.5013286567655348,0.5728033139749038,0.39474101141702117,0.5113483366593639,0.6539937462670445,0.6892500166616122
0.6472742949934286,0.6161052822646269,0.3183596412240093,0.5372801540113572,0.14544695837255212,0.587247140960211,0.3043490123879045,0.8354644318526003
0.26056979086150467,0.3087109846432661,0.33081735565652326,0.562505153564941,0.07805869002061826,0.5660227580941888,0.3739714339715306,0.5642499229499582
0.7348026568158076,0.5835364918346695,0.4319550567735882,0.5624686844191094,0.3105948786222515,0.34763506566823027,0.4044320298592417,0.5898721147520627
0.5891855171435676,0.22334537852663772,0.6323810556964077,0.42730529437655335,0.46687760263515055,0.8905834764979021,0.3137996576735117,0.5512359911404316
0.684211585175267,0.4993377409190618,0.5383536942912398,0.5182497302556972,0.41236402241582737,0.9583822533637373,0.6626560812129186,0.45692564910808287
0.2433305145027333,0.5594465983200241,0.37184580064092543,0.2698577010099085,0.4604563034887416,0.6010674295294698,0.1972338997510292,0.5284871234271932
0.4376989215915807,0.4849553997778102,0.305327451974858,0.5542633947367879,0.22504449417003766,0.6074824005640762,0.4764690136795672,0.5346036137758268
0.39441809668568567,0.6306727248258621,0.4738160071858676,0.457522121965979,0.5361488581037941,0.3639653047304098,0.1473526602193029,0.5727439001589608
0.28373598173826586,0.40353463932555833,0.30670141739026424,0.6276328624209255,0.4007293476308093,0.549496109528021,0.4650704108636744,0.5349300701387285
0.40158725006087126,0.34191625299941997,0.5528353661710254,0.48459414835945297,0.2952884111263172,0.5827232515143361,0.4939473884806028,0.4687365862713167
0.29768466733306614,0.22328414942778174,0.3748072997966521,0.6996426874743975,0.33096662411225547,0.2671898735188349,0.5171189407889051,0.6335926686323838
0.5499051590138883,0.5383376871611354,0.39155944476557003,0.4163263448396472,0.2699930681764594,0.2646710112199894,0.3350699319418625,0.529181177198017
0.45599805282332256,0.5485370118517423,0.6346110962016216,0.4550394222074378,0.16645378781684408,0.8611148865373631,0.1689550575621133,0.5140334778122201
0.4331847326382878,0.5329996036567834,0.5381273376743984,0.4140349090687793,0.3994567936769807,0.20898907898188962,0.7619730338867068,0.5708130403754952
0.5244474068272271,0.5484616912099121,0.5702512781393434,0.5425481973543929,0.12302207614294848,0.23756735976089646,0.4276743781254908,0.374411594262241
0.5136764144595696,0.6727146562248354,0.3560208933913388,0.513841590761239,0.5085912246590959,0.426864583493896,0.4780271753796128,0.6185126268118123
0.6014190963051427,0.49283936727020006,0.3645839952265394,0.5580556649457993,0.3404794163346296,0.6368900955272857,0.5386812734379434,0.36494702812279617
0.6248301752936919,0.48650736586679777,0.4050898435357901,0.6464309853013317,0.847109234903564,0.49359050116725733,0.6782687803210493,0.47983477896469157
0.5876230643975117,0.21587655433552122,0.3582825911326675,0.46162773226584425,0.3047186287779784,0.6019366154484658,0.1656477453343665,0.44354811440458625
0.7624379218005622,0.5610557169988901,0.5438482641407558,0.3427617186702145,0.47651403060702024,0.73267521103271,0.6084406013818098,0.570927335285602
0.5258011998075257,0.829141747957264,0.39916301480137917,0.6003329371446153,0.07526215050153102,0.7740203707220742,0.1521589695654399,0.3470978313603763
0.7769262286209171,0.7096456973918261,0.4033353224612184,0.4516775903134352,0.23511342867763277,0.8593330403350035,0.5178790557863227,0.42503665084644665
0.5569946753006672,0.3909213857423399,0.7008776713325593,0.46659564163653017,0.15162122687017995,0.2428000586967013,0.5004463244324804,0.5919316937197049
0.35844002922948665,0.3727585174996175,0.36766463482645306,0.6877065845524155,0.7227430895003503,0.44709082025905567,0.6620054477012233,0.6176483169441083
0.5479936593751292,0.5229505619264252,0.4231238476487562,0.4874060338426052,0.0,0.3179351316143432,0.585592525310527,0.41166552922301924
0.5435564566266536,0.40242921418250965,0.6212984952328062,0.47192813430055686,0.10023881211128184,0.4936962973343792,0.5935380207717771,0.6463202480092499
0.7649273170657026,0.7848193350005808,0.49372278296614547,0.7937534162659619,0.8039769077831735,0.3690932858003381,1.0,0.673494928949686
0.5076052478207085,0.6930300827519815,0.43025638443863706,0.3601209124495887,0.6927663315017584,0.23054921648373017,1.0,0.5960540795617206
0.4217669350763076,0.7467768810490014,0.5253632526951973,0.5346589000253847,0.3823576479193881,0.663947943451619,0.7628453151407159,0.6664877000260779
0.5669207796470451,0.6916332519008765,0.40155656292360115,0.347484923213574,0.7127539381217501,0.49512028655276863,0.4367834077754053,0.7577982205016487
0.6458568364431267,0.5863359644247979,0.23772769675460603,0.5388485375013063,0.5464644546521048,0.8824010938105395,0.3690460448752101,0.44047889903786297
0.38137036775329686,0.7202937068604065,0.24432987549680713,0.39395646576347926,0.3395606114931154,0.7849255464154488,0.4002025488041776,0.6141074795602011
0.28656384621795916,0.3320261276702823,0.48074924204867325,0.4195409874501263,0.23802367394826626,0.6937539791362707,0.515687849216734,0.3838256454937177
0.6814314496947362,0.3184495503093405,0.15719534940470797,0.2870042875805034,0.3086906148824495,0.39127862078138953,0.5468518528913531,0.568908934409356
0.5076736362143897,0.6707206389834663,0.6336200297718662,0.3807159516229233,0.21669215082125576,0.4743473039032338,1.0,0.7258172379689709
0.3487293547473618,0.8155042484993231,0.3945649180920005,0.6157932043192398,0.3428634266870108,0.6994531135317745,0.396776671625713,0.6060564156318784
0.5223766077035653,0.6212535623310931,0.44061928400945927,0.43222668720571794,0.365026404062072,0.5961173516855426,0.7628149963049209,0.2882971664783065
0.696280694695553,0.401970572189013,0.39958704778992654,0.6197342485839592,0.0,0.35941771239208653,0.3806012823158135,0.5597965995642085
0.5200572997233188,0.46500503010766536,0.15108639944139374,0.30561450522199457,0.11099230000833311,0.46319352016019943,0.5490228568745236,0.24840823246520408
0.830909617215474,0.4124196483035032,0.6116679613523053,0.6454926257386147,0.2783645960255601,0.2355305130633409,0.6450162088895016,0.3424630293616182
0.31591231563517125,0.744284653060733,0.11718620953292566,0.659611924883311,0.28035506419671147,0.5375600676085045,0.3725025130349976,0.7747321396645784
0.18478634997402876,0.4195917202649877,0.5185241038517855,0.6251353578845675,0.3865015966840853,0.36686130702129055,0.0970197534986783,0.7494116034622291
0.6646265352395356,0.2163247832850601,0.5069711639232657,0.7788606608072548,0.35803215457512955,0.7548856853375163,0.1181605082045513,0.19350486415688847
0.5801643910372859,0.25446668887425794,0.6179124991600073,0.7514690745927444,0.7808141726320135,0.7618888202805296,0.3991742652696672,0.7216138581245932
0.33520500923723323,0.3899348182436153,0.6473666157159733,0.6426596666023945,0.001622555436714137,0.8742148964616228,0.6316286072005126,0.5220975664090203
0.40974783052639613,0.8999920746768204,0.563237889601861,0.7959982667496455,0.3107637187195546,0.00243558848753373,0.6453588092803608,0.45157387823431255
0.6838523344793503,0.2417605043258586,0.38406088484410705,0.3911690596713972,0.5227840294809831,0.41576023667741735,0.5119383761159473,0.5630566358522557
0.3371268274938679,0.6778429493098841,0.48506817405394526,0.49373394766703554,0.41990556815798086,0.5060952827841259,0.4570924670964073,0.5605936764140215
0.46375504412186525,0.42963488413534456,0.3458602767035499,0.32017485370909554,0.31986544271086564,0.3942106474550602,0.748685655620585,0.6483556030768438
0.4763073173471853,0.6729888712640602,0.4369766475846145,0.6104282025280432,0.7369491046144665,0.7212463117719938,0.3005543425122448,0.5660576430593033
0.6254413860663881,0.6959461024475893,0.5526098514478266,0.37071654365773327,0.24336707822598924,0.5878972096017024,0.7104422311914117,0.5115269199539677
0.703745577169095,0.570850289460223,0.39334336689352556,0.5522957357342526,0.3843854603717054,0.4917417276430677,0.2319750208690428,0.38524065135916213
0.7812670830369723,0.3205120318146477,0.6598172415560651,0.4881843443361055,0.8496837453388096,0.4419092167544422,0.3244765286274189,0.4106515777222623
0.5639086009778609,0.2382779768074652,0.17899822878425384,0.5570358929773527,0.0,0.10360710285225734,0.26162505916175,0.4536107910241458
0.5830696815351916,0.36445392727094017,0.05979171542735805,0.6768362474178511,0.0,0.2993122193000993,0.3831198046807937,0.487034813934671
0.5947528874644917,0.3282035944931714,0.07053983915961279,0.3180627284079674,0.0,0.2997370691604066,0.5771421681062905,0.8161728715781266
0.49294420743869066,0.6882542773357336,0.5352072133435293,0.6073296353049091,0.6131195392382013,0.7910868967830651,0.5983986973672992,0.6650349521496628
0.48784607085673964,0.3744746432560273,0.46313277691325766,0.44289670316398483,0.41285076198793313,0.42132354045106857,0.6930653334322253,0.741896427068977
0.763792879972528,0.5948478960271153,0.606647466786099,0.12777512986517503,0.6317236545644785,0.683974303190886,0.8933833925016508,0.6436522305107446
0.6508689163797894,0.37031341033115517,0.38293108199658177,0.4356879033511432,1.0,0.5715322733262179,0.5928502476246007,0.34269081125158146
0.3927336227228989,0.6003890579025892,0.4394499099108799,0.6635444405086306,0.5855743317534757,0.5878905380915981,0.4502052689438649,0.5489414490899309
0.43817572139131744,0.44918931793900363,0.3412358873414969,0.5283559726365556,1.0,0.6041512240717423,0.4975912894080137,0.6595031908405408
0.7412851461775051,0.37280895276009396,0.6537117623041897,0.5755081437975167,0.5773986089929715,0.3663090178293645,0.2220439713614662,0.45608960137923377
0.6761094485633907,0.4356174518646334,0.6985666480254238,0.2737727202110091,0.0,0.21520837756047864,0.5235177259774404,0.5752008696127894
0.2731069331457905,0.4575484153464213,0.32156731346210854,0.49029096783842147,0.2816578937492289,0.5258736013407637,0.2527043426815302,0.44056776863872654
0.2901519905226733,0.631729183156331,0.31051167038094757,0.7432420835143911,0.0,0.754542946794253,0.2424789432693877,0.5756447566607235
0.43577174008926356,0.4055045447520662,0.3158912528313906,0.25601936254829577,0.5854451936960032,0.44839089687776773,0.0516168130982173,0.4894655222507667
0.3079340107652178,0.3053488024731852,0.4920187558636143,0.5569762852260463,0.43290186854202295,0.49170564440017045,0.1343188238316073,0.4464329304055362
0.6516666277208075,0.5635557286829638,0.4481711250519877,0.3915557457593905,0.38523118718223076,0.9182188545464952,0.4295824505092238,0.44670014329853813
0.7605504264050753,0.6588979818736309,0.6619343202044025,0.2877707814442025,0.670247476326418,0.4865445070172931,0.5627446365793815,0.3926119516701852
0.5201941174421466,0.5523938466104408,0.5427911165976582,0.42874590311138777,0.27800875777313694,0.5575127810334657,0.4857759418339328,0.4257039112345564
0.5482705915932177,0.6666400709905602,0.6443270441232458,0.6288074433283137,0.33652369325632814,0.45494747150172926,0.5787950451728805,0.7514722783927066
0.4225408935933148,0.3700611120716264,0.36084164287669224,0.4568193688640176,0.0,0.8387094266827344,0.328980905118159,0.4399049121531045
0.4397036249874769,0.23260375403310896,0.29017134203618644,0.5079188426528563,0.8297246330500813,0.834573640379706,0.5383779090043295,0.6198685493814566
0.4696952825408888,0.5492292846767963,0.32174355426138224,0.2985119823329348,0.0,0.8596960174276236,0.3894861307762295,0.2587104262758214
0.5586001943326614,0.6857583891236967,0.3499471442658958,0.6610715735614123,1.0,0.5184110274623984,0.321691302029099,0.4841808155951473
0.4356956595455014,0.6283485199389052,0.05525168979800202,0.5870243263594768,0.39389409316750945,0.47837220192171676,0.7627564353143615,0.48297522012088373
0.5851161194831018,0.9909743101883368,0.4006704709774137,0.4423159366326355,0.5256450669945852,0.8612178235673924,0.9318242309206584,0.4822874893089009
0.6348162162769602,0.6692965730445994,0.5782487145284898,0.37674322450460335,0.42334486298103974,0.298426417355574,0.4938426995173169,0.39502323487453955
0.6794809381809631,0.3567980203574912,0.3125772687881502,0.42815675660795743,0.3484514774900617,0.7798455900142319,0.7387173070952524,0.2801491261342212
0.4334566583101669,0.5495120842296348,0.25897847828947196,0.5326720025784593,0.9561683264632045,0.4333924761892477,0.0790834402469335,0.5644259960832879
0.5927479120761182,0.3845616990438021,0.7192819838623993,0.20732521688488997,0.562718194850333,0.7665102935330256,0.3292353824991245,0.5077297195772752
0.6590501142364086,0.5631855584927372,0.524289273058197,0.6351349695049873,0.348758073109094,0.27403002855628805,0.5889791790019768,0.5174415247231509
0.6167293641072326,0.4264382278553711,0.515020449553516,0.5331958022755845,0.09245531762882912,0.18707557453283918,0.4193868263926555,0.4262126302983119
0.39208071160565194,0.41871418417812123,0.567442498788356,0.3860338012931544,0.16091287042969904,0.7239375557106763,0.4853785395982123,0.2899756038543586
0.31967979905183047,0.7360199222276407,0.8320443881999879,0.5551785216198484,0.9735904751456127,0.5138674323430696,0.7447872688475781,0.8070425421093382
0.6450733995984164,0.47491245342615684,0.3325677352165684,0.5361008117292276,0.7972972334129197,0.556009068539481,0.6219760094380837,0.4873652535159418
0.37210407971095727,0.6031335314005233,0.576877479303268,0.3261861152518661,0.4524736948451586,0.3232002286507119,0.4032682725124863,0.45650368146774406
0.9200143741371928,0.534584577843976,0.3400176581080069,0.5062582300531813,0.15603939837622247,0.390982554000882,0.7167166206219991,0.6399823469777688
0.6426668213805736,0.5684641789199478,0.4550652353727489,0.5956265795041973,0.3180700962910618,0.7021679470040629,0.5333275790623677,0.48993170361913635
0.5874360551694265,0.4386310892252183,0.4015387230968091,0.5789352612543015,0.2454827451312358,0.4414629082049446,0.3228058532204446,0.5502123724934731
0.9013344855389277,0.3381780501634992,0.3141848998377206,0.4055754300628576,0.12641123359228165,0.5952480706775333,0.5139408538858561,0.5486686313730643
0.8050292835785362,0.5807390119624056,0.48138347195760234,0.41391526756367486,0.4982209929629674,0.14116162669011276,0.5823131438328564,0.3948762878481058
0.2434569095014804,0.4299682863993848,0.30805857463220476,0.5055512116405241,0.3273884535176958,0.3639011904471905,0.5003589745756214,0.2711685019698566
0.28128334180774556,0.46623849761019365,0.4238200234191473,0.6920841679584837,0.2885201677382073,0.6476474461632324,0.1567933503378621,0.8973232842505989
0.46126194187107944,0.6235324690444557,0.47149637928811095,0.6781282959794994,0.5617452100261774,0.7943170165139789,0.674557482893922,0.5607327348246346
0.3874508230013768,0.4175857959493001,0.44997396550649754,0.4837532496560179,0.34950132084101704,0.45669536049276527,0.6376410612905765,0.5613332899940977
0.41398535301491424,0.49081970517009665,0.44099296479255923,0.5345925070252473,0.3801042918032295,0.18640234688794652,0.3737517727518599,0.5500074460354835
0.6440787186615271,0.5554448074336644,0.8120513060079994,0.2728580319276372,0.13001860630443887,0.5317512101875086,0.3530378204931618,0.5117506386919989
0.4557331737425353,0.5750525181211756,0.2883531752457137,0.569399793799287,0.39209289149191473,0.5946290906535574,0.58193706874931,0.6026015728180323
0.8237136773765354,0.4568247143503985,0.44566353311361295,0.7605306983973439,0.3658525064142672,0.42384731922763913,0.3788640000128404,0.427811056815208
0.5531022534948792,0.3445845910460985,0.4908219271927351,0.8946806525328705,0.5346692849700753,0.35050886920835755,0.2691673230440917,0.5328798489431001
0.6063025866974487,0.40214409631236414,0.37929530955666096,0.5052198831388166,0.0,0.37334545905794553,0.616904810367487,0.5223661278838518
0.5943377463635547,0.36494633288300093,0.6484005721008288,0.354647261521382,0.6649599915970861,0.42010690190542954,0.5562460984437209,0.6167038585366196
0.3039539719487385,0.8076594031580822,0.21926831961032128,0.46953437135771653,0.4007146444830836,0.1819716338639404,0.2384446869704678,0.7500379099496762
0.3417974941244371,0.5141578569188425,0.4302016405288483,0.48299371120458406,0.30379076556444967,0.45995974913992604,0.514772686882176,0.3712278908477122
0.7270620254854945,0.32098733432788507,0.2901853397704038,0.7265572403371507,0.5582635703664998,0.2428817998487945,0.5284755825020933,0.5552100857363826
0.5073107107973004,0.8333471128703209,0.4298887305663478,0.3213156161708208,0.531608668113486,0.9271173460154731,1.0,0.672616794918079
0.41194087458624734,0.6374579368927513,0.3472104442242757,0.45704275124363974,0.14463724414276968,1.0,0.369868675732761,0.4625986360606719
0.4753763144034165,0.524885430852807,0.42520672350202465,0.39546138428901784,0.24824783518248605,0.26066688154312084,0.8110397068294684,0.2480189661780728
0.4757980184448472,0.5932361948458293,0.16209876704387366,0.5732136323490011,0.5582072704554362,0.4571699378577623,0.6414915421728762,0.708966583211541
0.41364541160189683,0.49948566695051966,0.36037613815246583,0.5909969957187688,0.4262688348086575,0.8301145926465696,0.6387646907718204,0.5391034373946056
0.4717731164896282,0.4664137954871901,0.31269168488252297,0.3189162488669712,0.0,0.3293009039877317,0.4114821414451687,0.6903230556742515
0.5024434561296691,0.7986857621075654,0.5766061146542003,0.5100222494105557,0.47581864075929303,0.2850677921134274,0.2030790416160694,0.5494121290629572
0.5571445294697822,0.6233799264842261,0.40571870248110814,0.45224910823881176,0.6346515173022041,0.2547641284374633,0.338469888450647,0.5621502897228956
0.7763649948106551,0.6343358010144726,0.6584850688892069,0.4207619247179784,0.21796406520770542,1.0,0.5420016616045178,0.7367269801057378
0.6041534751271859,0.3166225479493292,0.23638839400027334,0.594674218538576,0.8839683837954482,0.18411274025648025,0.5023725358361568,0.5430983953964645
0.4837361295763672,0.6564560599535678,0.43526010691755956,0.5775192206552382,0.07129846602783918,0.7394336054495707,0.2137290305891145,0.4795139591912487
0.5902776032501796,0.5322817213207536,0.54009760421894,0.6838213869769614,0.38695632994617074,0.4897762613969245,0.8084553255322604,0.6470531967165366
0.5136558068610352,0.6287957442264371,0.21102881889968275,0.4604010434410523,0.1832839904988619,0.5466085903058968,0.3245031955688736,0.5922066934732285
0.4440989430433065,0.18541610214792215,0.4209837622602678,0.3348942461352857,0.6692962407960847,0.32720403018478433,0.4678880780996405,0.5873028225067739
0.5678425506953824,0.6111435157344633,0.6278642562481399,0.6576036467657156,0.3173534003690968,0.4553054989526122,0.1768307058066335,0.6575294604726396
0.47817974203118213,0.25822251742700253,0.4274999240779092,0.5136064864823457,0.28136646231243734,0.40604710713257264,0.7967487820407414,0.7002072904545199
0.3439234112247831,0.24758765927028747,0.24762350401347505,0.593852661136663,0.0,0.48354926006570936,0.4248999919848858,0.816287421584505
0.29155958419743416,0.3460000106258825,0.3870285895616633,0.48913405338938715,0.416350915074926,0.5877158581842011,0.6506834946842186,0.7945347375616773
0.6801089887887544,0.2223848246815603,0.4333890356517944,0.4264065836179501,0.3694912839989324,0.8065746711272624,0.4814250997213894,0.4338691558367594
0.510711147820924,0.5444874582140216,0.503310656805167,0.5562697336288058,0.5577501566963703,0.6004999392258581,0.6001834658171715,0.727472196581329
0.6110520429052716,0.36650673295775427,0.5037546331635154,0.46754525380340956,0.5494935075325244,0.4671701174556453,0.3119968135752491,0.5080593851227317
0.47898853392390833,0.44546726486501953,0.4118298243022549,0.43067313136969215,0.22718049765757362,0.44839829276047816,0.4276552327813226,0.6139098742917113
0.5694573316699384,0.49981495644492213,0.6945053250218781,0.5121469125518219,0.29230627599423686,0.38954774957747834,0.5279303348431793,0.0
0.3673716266251442,0.4395913701341563,0.38375574959355174,0.4884932454878345,0.0,0.3395601183929642,0.4219182523439058,0.3197066972828904
0.5722912301128997,0.4989682654618015,0.6131027741008221,0.5555643176224103,0.2649351989033999,0.19869319396192017,0.2745472414891705,0.5401358507842077
0.9126684423195852,0.6367070490993605,0.1124833082085627,0.531307377590974,0.0,0.5373980419449328,0.2359845624525396,0.23290840200174626
0.39728510303009357,0.38850547403642643,0.3361598641420204,0.4129798411611119,0.8269021269423158,0.5582405510276065,0.2921777663264521,0.532716467581035
0.6523434261554737,0.6852490976308232,0.15834704984117517,0.21899997244731434,0.2788857802557271,0.7641991579081421,0.6617142013780234,0.4315431557575678
0.6129089046795614,0.37788223818931677,0.40927733492856333,0.35311079208035384,0.5493967425847998,0.05648178412824585,0.4419117035977701,0.42259379942911374
0.8593264185673942,0.380659418028543,0.3752002370339702,0.5648953677834587,0.5271838972811043,0.6813088314219928,0.6144890612310203,0.6440654703343598
0.5573064309618304,0.2995065078443986,0.3487027332052681,0.37847779838189816,0.22371094109850062,0.7897640216675431,0.6726874560379758,0.4440045679513701
0.6994400163175057,0.728598651328527,0.4909776689886091,0.26914772389284153,0.2324214830533835,0.5982891021788804,0.4960163207400537,0.45560205019462374
0.29014440836792954,0.7427679375215082,0.28952345126507606,0.4710610095687811,0.04525787542437229,0.6872112335872033,0.3322998767232095,0.4843820449159351
0.5906802220209407,0.3689043231145277,0.3009036226578465,0.34968714119353944,0.4154246316761882,0.4992391732658401,0.5156014836957715,0.5155896465232331
0.5886329051770888,0.5505747989931855,0.4285626222568745,0.860492111215202,0.18653447157725964,0.7939568517574992,0.3489002233732101,0.8001782358261808
0.3743027902339077,0.6463607426468965,0.548520192553327,0.4515819730882314,0.0,0.4867102049381088,0.0,0.2851080500201426
0.6415647959748367,0.5767980590037478,0.25633014656078446,0.559552339675705,0.20191230644155145,0.5087657598920856,0.3944011956468772,0.30766174430589815
0.33779783572977307,0.6666922420794119,0.490944401018435,0.46634207044694004,0.29118897953299333,0.426943828359223,0.3577393546101041,0.3234815976656417
0.14862723994101554,0.37997997445428844,0.775061693438346,0.4683988574036804,0.47043354224062733,0.43706183424238154,0.4388091136936816,0.7449650971052871
0.5042559760716028,0.6401110395630489,0.23236441977449812,0.5166793822453679,0.7670456073818315,0.31268159875127166,0.9088963114399888,0.5012573227134647
0.5286139860403087,0.46894139869111484,0.5377235784947121,0.49364902351811174,0.412399489379697,0.3367690021943912,0.5386897149983593,0.5065810199161045
0.4412809565977009,0.6626728411419816,0.6166675907449943,0.5649406585183727,0.7883274092946326,0.5641995127372047,0.3024268179720456,0.5743932201574525
0.24870652111449548,0.6784747544943865,0.45995373258246763,0.564365770958293,0.1885144683810997,0.43036852063653736,0.6970799422900099,0.49944959452151955
0.6685902987151159,0.47398067073564576,0.7541723346148084,0.3225193097067169,0.0680800088859857,0.38437730825687133,0.4448097096607724,0.728695932367608
0.5439411274834167,0.564361817266235,0.3585695565125727,0.48980586443534485,0.38372198677235214,0.5997766389536426,0.3439712237224456,0.5674268059702791
0.6414079333583009,0.42030639754965904,0.4729330267233338,0.2326690978713542,0.5609129438850432,0.5360142075391963,0.5472447292528466,0.40964875035373693
0.7417935646836792,0.7422535390267768,0.6850755644874083,0.3408613999154014,0.42974097896399377,0.3325188549369018,0.5310310685730713,0.5435957992828148
0.23992309545941448,0.7624285209333763,0.554149958475725,0.3857349784150846,0.39415226761291494,0.5958006286785519,0.4381867526523479,0.4795190719541325
0.8080573004299385,0.3672030136034312,0.3807099057606385,0.2782242115511743,0.409338119851759,0.4682924615167087,0.7335483851055558,0.5570740733303174
0.6296899734848319,0.7539445975739536,0.3347081410697793,0.5820376062353272,0.4997739540344373,0.6908170204313256,0.6532776953144799,0.5037839287856716
0.5250882684595862,0.3874040119295792,0.363731689669581,0.5632894551991863,0.2803100408492267,0.6915987882960039,0.3794751390770885,0.5161459937809237
0.3849544342219247,0.7771095295145596,0.47220137889300284,0.3619459877027789,0.23571735685694223,0.5144504096475832,0.57940933397648,0.5638128096813678
0.501323442576579,0.4427744625579564,0.39633731147522455,0.6286513145216313,0.42845219848526583,0.7334241576006595,0.9243262614660408,0.6194688152271337
0.49764773964654546,0.21821531775295888,0.34379793024672645,0.6170723108381759,0.023795764018123288,0.8334513683499069,0.6214578030203386,0.6120795427409171
0.3905671303144779,0.36959312202607286,0.37185220760900006,0.20929447455456934,0.44774118253436074,0.5024447096830339,0.3817210540323905,0.7377466784627903
0.5457079400959104,0.4981522141583383,0.35447419667261126,0.41388351996525424,0.0,0.40922171676937436,0.3413080540233057,0.47307128891559336
0.4057413338264645,0.5599447211758335,0.33997706706618835,0.43425102993103987,0.46041505798815663,0.4273736706365844,0.7100098083106854,0.4731004480922275
0.5102482359925832,0.2049321302145941,0.47679587514990035,0.22967144360047614,0.17064796639641505,0.43983480879354026,0.3835877331813975,0.6103649925561451
0.46199573646036146,0.4300840599032263,0.4418940940675286,0.45720248296202265,0.1746181024738646,0.411038632365902,0.1524390768307,0.34429947534527267
0.41608985664222814,0.5103076855224238,0.4903481324801978,0.7166492658623052,0.3705262557479125,0.3987621877829328,0.6459638724535262,0.26088889772961726
0.5038365622950643,0.40839713295489055,0.45251555470715027,0.4642126398656295,0.0,0.6719667122934916,0.2528593955901181,0.4208551451134304
0.5398817714413405,0.32688533039271483,0.717287470057638,0.3794149184093096,0.2630096653875062,0.40017220970592693,0.8274423289405707,0.5126560224322027
0.4032117103779337,0.4632755752438076,0.5099559199984687,0.30488113839035097,0.33271932858929587,0.6357456138558839,0.4162073108957531,0.6742596277656642
0.678825316287514,0.5591551134260033,0.5917996850625153,0.7205560349949676,0.32071029821578584,0.47062929574893986,0.2773410331770737,0.4503604456445947
0.6580746510024391,0.6152963125222648,0.6522934421649108,0.5307250311711331,0.24035658167584395,0.42843441331174664,0.3525941277694605,0.3854351472871584
0.5157634277759093,0.3920154362476982,0.58035133299765,0.5634003493112858,0.0,0.3384817319803408,0.2428801771894455,0.9695577398115575
0.5184262797393187,0.279789917807868,0.5416541984363876,0.7936747643632707,0.5399124995205926,0.24610694679743741,0.4935915258639026,0.23213395050033772
0.38739511325828707,0.19232519864051945,0.6488512256460955,0.8192742366750108,0.7248716067430857,0.2991418873011494,0.2899890420353627,0.6333216540319891
0.7972841377294513,0.4750744565918499,0.47183742014264923,0.1400371800562984,0.6631620258154232,0.6538063310884552,0.5653989026540195,0.6936299694377251
0.27779522343033053,0.33409923827957755,0.5519438496872778,0.18685212922562439,0.5460408021522386,0.5357058339440955,0.5302814792144037,0.5409443304280425
0.7576994128717159,0.6087681857027984,0.27602779311165193,0.4805395211425117,0.29129925313887456,0.8866719495428715,0.2167462281318785,0.47280556728927
0.5335330498767646,0.6809300392435507,0.4229909715989146,0.5880021438957446,0.5560341398286243,0.5987954764411291,0.3331457313864069,0.6417163683035314
0.6015763835100996,0.4093885462115079,0.4072430508135686,0.5516551116871444,0.2474597965874457,0.2805712700742372,0.5130049262377561,0.7032798670832826
0.6373825184386069,0.8529117871003056,0.4702180468663576,0.5566636299503611,0.0,0.6743048772175868,0.4885459178355795,0.6535148933444522
0.4476778561919056,0.5392934196531005,0.5117001493613067,0.476389952276357,0.012268027222193965,0.21942676855842902,0.5528580420306503,0.5569570379867148
0.38970013942502857,0.7790943621200164,0.3648571242427983,0.10084753432286353,0.361873732865337,0.8567845190403539,0.5332986254230249,0.49950482887856723
0.41801113756046276,0.5668938680958444,0.4601854502893824,0.5753853368436896,0.2756691868621595,0.3371978661416889,0.614808386176806,0.6933212864787324
0.4014025604951458,0.5828829080816096,0.7244405141717007,0.3310245786863884,0.3895925727044739,0.05604441050962983,0.3685929525965352,0.33177737621477904
0.6040719637270308,0.4596791769273594,0.40148952053822357,0.6424830641338266,0.32917482261845066,0.70743628112981,0.0508828204869674,0.5529747934261001
0.7358395200499409,0.49192832570577316,0.5564079046390032,0.5259788850453,0.44214839526107447,0.8667793092048751,0.6706697954680293,0.7179581080852324
0.4238509131784002,0.7557581389222552,0.32724095372791817,0.3998808982088941,0.333939503741992,0.5067049404777175,0.4591288546708703,0.7492577920468989
0.5767773335716433,0.30985308293845115,0.6712284780669778,0.5411268719764675,0.42541322628231365,0.7125707386066433,0.4224740334673507,0.25725106483512483
0.4482793599876361,0.43353105467942754,0.3759725542163388,0.49019271689483196,0.5475184190841532,0.6414462747608554,0.1557844958079061,0.5343619980209138
0.42156665030530505,0.3565618518559486,0.5837759163453242,0.5045640634120994,0.0,0.6509917532283929,0.6666358862540364,0.35808706063699763
0.490969984559999,0.6301499487349354,0.41392125286974046,0.3402222862257817,0.26164647290403653,0.37381383325244205,0.1444638075259597,0.46201656715304473
0.6249258236597858,0.5556507567471076,0.4016792363371731,0.26254540299947576,0.0,0.40802814753697203,0.9837555558626928,0.8424659962668497
0.35984776677598657,0.3772190172919334,0.5401870687841533,1.0000000000000002,0.8728426046042261,0.4446221288462393,0.485428462231789,0.5181473138550223
0.8412252393096035,0.35757370398619415,0.44706466239126724,0.3572610005786265,0.368434801682537,0.7692199589028516,0.274281865380593,0.6301955622080216
0.47808933924073777,0.42255451290508184,0.43480404197798217,0.6791049354043694,0.12660262110149095,0.8097278590048074,0.5685852754642685,0.43516420582836535
0.3644601749868442,0.48601649490688104,0.5027417489760333,0.3703776276288712,0.5818090269143558,0.8164233502607134,0.5313646032196386,0.4699188279765046
0.6429931952024128,0.40062015060182254,0.5873695632905966,0.49139689977839845,0.5539335602927101,0.21463468464373153,0.8210711924723613,0.4865571182619583
0.2643992800340902,0.2641831135039592,0.393713669032487,0.5592350631985279,0.04928880911881365,0.6644132156065056,0.6204946872564727,0.3409130780564341
0.520524027396736,0.49381224361353304,0.2402098870100418,0.5639539752137475,0.3182234980547685,0.255355953987614,0.3399329187669392,0.44861375552874866
0.6213966362457024,0.29953230723302937,0.4257742068846224,0.7093606658980616,0.3699753120575871,0.8001686060560758,0.2658150212385092,0.4062715146689301
0.4289471793995247,0.5715986713844554,0.5329250685584799,0.0,0.6190101798389867,0.19869494839217694,0.2888020376146313,0.3791730624845896
0.5483035746066514,0.4749467512448522,0.35758712047274893,0.39522599197533476,0.7158072437830626,0.4507329437640304,0.845592767076353,0.6106565946789474
0.6661097543393714,0.47332977836797063,0.4779882059203269,0.6066196982437191,0.19855662922615872,0.5187046992877219,0.8354231740373742,0.6491196351148416
0.42365190250963913,0.5071829759619266,0.3396596570756314,0.7770788946236316,0.5677005549969929,0.4909754219351897,0.7421349105084394,0.5080925559415985
0.5360603813208799,0.7400405340288838,0.683037670469782,0.5985356483655082,0.6453785215749354,0.27486900643988305,0.4758825623053061,0.5740401536215396
0.7029077733360236,0.5995328619022171,0.3058223914743042,0.639288175946136,0.38287289056549895,0.49562865051157523,0.5726008569612153,0.20545671227447404
0.5495626361603076,0.237301959299975,0.5926883272811574,0.7494718703039829,0.7937149182285163,0.5151347081226773,0.2964177019045682,0.5779054825860199
0.39779608090851915,0.3796561482839724,0.3978450790952395,0.18059735789048065,0.4880169595649178,0.6744306211368112,0.7080115781586779,0.48423922166818895
0.4946926599073767,0.4462068915021593,0.5188676827935963,0.9533579830905163,0.1643918424684184,0.3121516918635987,0.4112786339585228,0.5303968471705891
0.21011961495259346,0.36703386490298406,0.29940742122206987,0.25196565618646044,0.3155791707597539,0.7188359095042953,0.6464161902866045,0.5240897151876103
0.516170049346634,0.26551779744281667,0.49542509227607445,0.5501754079864054,0.3099227396821406,0.6432680161080822,0.8078394400349815,0.6384484014733427
0.6326206067887784,0.44957918004927855,0.16455522764931893,0.3462157896863846,0.3279493903067947,0.2421038825580625,0.4742245242622492,0.4785771379354356
0.8097022504891481,0.7339859164744329,0.301663470914517,0.49454724497135366,0.0,0.21555407009875852,0.5628677366262861,0.5831679210911712
0.514465851856313,0.42781149581474054,0.4396450540066677,0.6002763785809453,0.5497299212701973,0.2836171262573734,0.4548386501847916,0.4779690797993495
0.6429164957173206,0.7050891221560764,0.3179864936703527,0.4175816358242615,0.24910759527307064,0.7271895691887644,0.8795774585317411,0.7738404146096263
0.5050203817076491,0.45844181367146497,0.4772899557731272,0.380682969807735,0.4645861277690009,0.3727552574696141,0.4874212266200283,0.4338743768097324
0.47373730602305014,0.6732378842021074,0.44509938860653314,0.15686262729286488,0.12542330617723624,0.6891776313109279,0.8277921055199666,0.5103945395446551
0.08613416716419986,0.4488866184564362,0.38138489144640064,0.5242303698367987,0.22310780205511102,0.6105810457198964,0.1253988338138758,0.22646707563375434
0.5258660479534029,0.44497596570127307,0.4914241833822472,0.4163062958362555,0.06254491510265897,0.49952621677343845,0.4102608634761031,0.5990052515995233
0.39317378902976685,0.5160308665588413,0.35560667586574835,0.31552228208800576,0.0,0.6406280394472099,0.4324369811617193,0.8068101813049035
0.6371792882197204,0.320980373203394,0.47273977644905424,0.7057482059316693,0.1253897867808204,0.2369117385900309,0.3142147035078539,0.4892418218557388
0.4098993742025066,0.45165170413019595,0.2784957229419172,0.39918808382623466,0.2540957151111408,0.7130752544519207,0.3665333237567039,0.3415903341776449
0.36749382118948926,0.5174218196514886,0.30162994770019635,0.39482849652001045,0.3450950939078071,0.34985407859888024,0.648917279694626,0.44781736759167007
0.6498301048841933,0.3139533865177331,0.20951957282793027,0.6557878257922676,0.5386077567764054,0.6857864027064431,0.3713633315945939,0.7173856516069146
0.19036623455925478,0.4903205696383832,0.29135756414541514,0.5193653804000675,0.6469276065394665,0.7950224728619711,0.4283192848974222,0.7023965312934941
0.7967891076671475,0.7069495606242331,0.30375823786913103,0.6776854967197465,0.12998442453984643,0.32024003795123246,0.4291587222982423,0.4856652682471217
0.6506796908646778,0.08415239161315213,0.3014919297829025,0.12160261866127847,0.21887238622785568,0.461339154710406,0.694488799583602,0.6604721099074603
0.4748214553501608,0.40364765145742965,0.5022898628393173,0.8903451084422167,0.6887864470937259,0.396818937373532,0.4000255139178296,0.3764218264040788
0.2731613365402375,0.3215204044626123,0.5194637723995199,0.7825478330636197,0.807792407941825,0.755715033587875,0.0949920172647653,0.6630450577098891
0.5730032122618217,0.23407013116694486,0.26149967051094414,0.310263802072062,0.4893310702716913,0.5115728094853513,0.5215967841450457,0.6958938011806126
0.4835907532230416,0.5086773209914988,0.6260584618783156,0.4450753226848944,0.5281976853958225,0.33523262607176924,0.6701438788921295,0.3681980731289769
0.47344322161361824,0.5850935502397565,0.5386135025212724,0.2704699427993443,0.78418499045766,0.6231934012093676,0.8460643629714337,0.4518172224079307
0.33420349004714767,0.47545362905423794,0.3912416528411907,0.4169886659658861,0.2895445449384661,0.5536100855179508,0.3388946634978959,0.5460460192997925
0.5556395330177286,0.29325843876693725,0.5041037018285998,0.682441221228828,0.40889085410367726,0.810249053285546,0.8489722813246987,0.532256056364809
0.5652606058462071,0.5680265666152113,0.47252975559303817,0.2840249318801052,0.34037193884819383,1.0,0.8906214396545149,0.5572008653483717
0.7731203349578508,0.3514293072685444,0.47846968539487866,0.36379685397567657,0.33253691058056734,0.1340636369583834,0.4809317817606635,0.5981110502014451
0.5586961118609137,0.47591475464217226,0.2887544531983081,0.5199757645854532,0.11361762858148673,0.43942295124020136,0.1934632058152531,0.4762168038570531
0.3811479905779266,0.7064248173751349,0.33136713972093396,0.2521841847953718,0.0,0.5302814781249555,0.2587955257183762,0.5606452013977835
0.39332692039761413,0.5610964270583931,0.2690131532600448,0.511045396976826,0.42557010190530475,0.6036437900890823,0.5586704072645967,0.4940684283241576
0.848623071966123,0.15434149803590813,0.22579800552443247,0.5867147374829988,0.25831029701213987,1.0,0.7113449822560837,0.2711888974106293
0.47712347380442705,0.3858628998184592,0.47466280231226626,0.40553895059853845,0.191220799818853,0.5798456385878654,0.1749015459600334,0.45347648532342855
0.6415635964192483,0.5703433776620042,0.5063895640735356,0.3148380315667179,0.42211894025452573,0.6215680677470017,0.1106949427282271,0.41387088261467125
0.3233135362431867,0.5891533746211444,0.5026835829077017,0.2890393446989447,0.3241347147299238,0.5248351369489227,0.2304008431265662,0.7521693443938695
0.3586285663843142,0.07189747987620798,0.2747081649530833,0.38196879549310453,0.4432526793735964,0.5286853133714987,0.5544473450654777,0.5121884009050062
0.5443427835541834,0.8575399741006251,0.5325393963403264,0.6741171984609804,0.00737761219218733,0.6820431567329491,0.289059109006816,0.8728159077358121
0.6896299056968909,0.7034856769080502,0.6863010399552882,0.38116605688940125,0.589534767733504,0.1491430294355002,0.919881504100502,0.6774887410042797
0.6483496965730632,0.2619000789613146,0.5012683858401041,0.5988271974407142,0.36467682824817926,0.28472376251958836,0.5066886935946302,0.4749941592823232
0.5366426619820925,0.5281948676752162,0.32552522995494054,0.38896638855385474,0.3807989946393437,0.7535920974206178,0.5628258992901332,0.3296963892474235
0.46392824150570694,0.22112228440020054,0.17899663060286924,0.5661531009007224,0.4091866618498077,0.4746934840505881,0.3889427794797927,0.2526452114750927
0.7150060498222194,0.8323785995786217,0.3026324553132517,0.34487963731774557,0.5940434829232689,0.5662941792661791,0.5800000011227133,0.5679790015506414
0.7470096219281588,0.8964850941104547,0.33542589755737967,0.4465986168003328,0.6304057460182597,0.31867029096914146,0.3451592363294199,0.3972245964926229
0.4326360870727973,0.6735204152829937,0.3589932494837847,0.6839505965011248,0.2346655008894485,0.46698388699939086,0.3180639121375049,0.34743774989489734
0.79961984739962,0.5693121664078387,0.4064421593603612,0.39077953347788846,0.0,0.37415757009411155,0.7333056672442007,0.6399306310862186
0.5994107467439119,0.656441948859241,0.5116823776815986,0.7712953434131351,0.1852573252741638,0.48631070146671695,0.2899626925276661,0.442954474590055
0.42632044938025654,0.4601486679846012,0.305862197124076,0.3619780693236397,0.14439675378901168,0.37395014099911283,0.528408895766109,0.33785699834797883
0.2674943481186716,0.531792266991248,0.49785666964787795,0.467024912011425,0.48400144380564497,0.560392180034353,0.4851309340482951,0.4939880507250746
0.4268638179890176,0.38029968072950027,0.29819158372679444,0.5330632259902524,0.005363265750300244,0.0,0.6325682186043265,0.7624913358885459
0.3865368402955913,0.44435791828819937,0.500723309699221,0.5076391310696844,0.42708062715639805,0.6333255766913782,0.880511641045912,0.5431770152903037
0.4757293873555724,0.5358896463028131,0.5524820055352264,0.5770456047200914,0.39201806731215527,0.3563870432763472,0.2185825610431966,0.5549098246492269
0.7424526826890511,0.2557248655491584,0.457766323971875,0.720278275281039,0.10094491878285872,0.7237789195861339,0.4213124207450899,0.5664323838934787
0.564863095901054,0.5183304413541858,0.41345166381648685,0.6821369365344621,0.5012552720684417,0.19043968873819372,0.1227742592097947,0.49480163968876495
0.4252460498650529,0.6896786513076361,0.506669162569026,0.4847924212742613,0.11592268815655743,0.3603476302497216,0.3766449276960584,0.4120062370746347
0.510908999494909,0.7289707728487524,0.3924047456657079,0.6319521307826113,0.24030979066347605,0.7636394134468051,1.0,0.5020016515289115
0.4629635297571177,0.4313101156384569,0.36705468216110304,0.6026584589523234,0.46509834875452,0.3212809972561759,0.5028009934742761,0.4616028497289207
0.6100227319849616,0.7516582690847109,0.3248354888076894,0.41398060928962505,0.4483843824921601,0.33005581570446074,0.4353915262453986,0.6155177587397173
0.36895968741156854,0.6729308707383197,0.5476898130740675,0.38103752460806156,0.26596113962312873,0.5295511814800257,0.3317100971741983,0.3682297822795091
0.8998237360960847,0.44997316863823933,0.520938216483209,0.5956262788517275,0.2472527074510682,0.6534958689108262,0.801012407721666,0.5301688119684774
0.7447477493212943,0.564641113054412,0.44335670692961443,0.6790605535093941,0.3605230625307728,0.5498901891860145,0.9097416515397702,0.20121071661833073
0.4301393346586005,0.5365648930525975,0.4904179885630203,0.6568473390839162,0.3686264678537001,0.7382181366292384,0.6783726044321498,0.7525161490974315
0.7562012462715703,0.5571747905361644,0.6126973994200379,0.7616474910078317,0.32008263691225997,0.19828880635742874,0.3126409530081234,0.6253571486436929
0.811286875051625,0.5793045960105534,0.3050630188522774,0.26906284415166665,0.11750693130576607,0.9675655490776601,0.1130071765519057,0.5265194703149642
0.740890960005188,0.657324733258859,0.48478403428495054,0.44623507882036445,0.697689606030607,0.42753048849077957,0.1564655703273207,0.3271396923595031
0.5449540548704629,0.45750087723960675,0.35824754858140073,0.4073825714441807,0.6858514492967904,0.3348334453523905,0.910838768251214,0.572853722280404
0.5245703174320289,0.5254700547192144,0.38152615333692774,0.6278849636292303,0.22175418218232765,0.4347532591117281,0.5587898775886324,0.5526904334059888
0.4586210252395879,0.8198852943591621,0.309520083098342,0.7529269917064729,0.43708128562897053,0.2733157963414754,0.5205291057079329,0.4652153090611931
